plot_id,predicted_yield_tons_per_ha
PLOT-017296,3.441383559196649
PLOT-017259,2.4016747375682037
PLOT-016178,2.3228252845171964
PLOT-018610,2.5483177375892234
PLOT-015109,2.7663735316762925
PLOT-016351,3.114414482758455
PLOT-017917,1.8163279477369663
PLOT-016422,2.4665056951752877
PLOT-018085,2.8829538020377847
PLOT-015051,3.310099451274515
PLOT-018124,1.3146198276989753
PLOT-016442,2.9646673791841662
PLOT-016032,2.440016252671787
PLOT-016414,3.6252920709471725
PLOT-018385,3.371083425054358
PLOT-015539,6.944660725207831
PLOT-018115,3.9854381358282707
PLOT-017927,3.000281884843197
PLOT-015687,2.9835543268280804
PLOT-015584,1.0666754974650545
PLOT-015219,2.550107095100616
PLOT-016803,2.0971612877892167
PLOT-015474,1.6303297687695495
PLOT-017984,2.746303607946826
PLOT-017147,2.7512493265824522
PLOT-017440,1.7252594658333607
PLOT-018208,1.8000521309107895
PLOT-016703,1.4615531589472819
PLOT-015643,1.605419842060258
PLOT-016058,2.298531911968883
PLOT-015075,1.0283702951912443
PLOT-016661,0.8416294427145604
PLOT-018508,6.017890505037394
PLOT-017437,2.513536701502985
PLOT-017258,3.4731253029430786
PLOT-017063,3.2409691816067427
PLOT-017838,3.1631987643538526
PLOT-017079,0.7561724517559254
PLOT-015569,3.640634805903696
PLOT-016146,3.2077934834460025
PLOT-016884,5.4125955688642815
PLOT-016578,0.37836540412423014
PLOT-017559,1.648135635942984
PLOT-017720,2.8519801707778996
PLOT-015369,2.190266086925871
PLOT-017876,3.380400946029256
PLOT-017847,3.461531183815857
PLOT-017730,0.5417826601802731
PLOT-015531,1.7814411262675889
PLOT-015062,3.485954220373205
PLOT-015438,3.535659397926507
PLOT-018698,3.253148098875851
PLOT-016680,2.2744895590039635
PLOT-017845,3.386648466009022
PLOT-015412,0.7407675837435816
PLOT-018488,3.612387478920684
PLOT-015774,2.8217755063102046
PLOT-017199,4.99870598146478
PLOT-018697,4.57006670393041
PLOT-016729,1.7359504840957787
PLOT-017556,0.399030098021458
PLOT-018475,2.4927215562744425
PLOT-016568,0.8479418992480321
PLOT-017444,2.530942447051807
PLOT-015186,5.704790472799357
PLOT-015262,4.39003801015622
PLOT-017650,1.4562652576297084
PLOT-016963,6.126710295478381
PLOT-017561,0.8909987289762629
PLOT-015259,5.903292073449394
PLOT-016841,2.5762306925825484
PLOT-015400,5.158669981951187
PLOT-017374,3.8832571763385233
PLOT-015098,5.302723704285345
PLOT-015360,1.8946432914465214
PLOT-015196,2.4267039890887507
PLOT-018417,2.0970908839672906
PLOT-015807,3.1562870462811574
PLOT-015684,2.8468790154151047
PLOT-017498,2.122197740159021
PLOT-017369,3.421956832512461
PLOT-017803,0.9013545251874249
PLOT-015637,2.964257217398075
PLOT-017933,2.528784579976927
PLOT-016271,1.4457672266621655
PLOT-016297,2.6979509412398994
PLOT-016902,2.2335946999208445
PLOT-016443,1.3674648469013015
PLOT-016082,2.091663778467093
PLOT-017071,3.7784027718169955
PLOT-017173,2.8774285332685707
PLOT-016550,3.166777421312625
PLOT-018477,3.2313661755395358
PLOT-016395,3.757413056885541
PLOT-015694,2.159372758270473
PLOT-017865,0.8314508962916833
PLOT-016675,3.1405314494712475
PLOT-015961,2.5731585732254483
PLOT-016334,2.0709945340238236
PLOT-015767,3.3229582696463513
PLOT-018394,2.320732095843467
PLOT-016209,1.5310251146410727
PLOT-018458,3.487798200052518
PLOT-016268,2.7522549369443348
PLOT-017460,2.5644098492663288
PLOT-017620,2.03171387607514
PLOT-017019,1.3570040437163322
PLOT-016195,5.2005235048764815
PLOT-018158,2.3060713220061704
PLOT-016354,1.7505419760724112
PLOT-017348,5.758088117701075
PLOT-017165,2.7710495058422904
PLOT-015433,0.9141637257987723
PLOT-018119,1.615681474257958
PLOT-016625,1.7048828899409947
PLOT-017493,4.644687887618434
PLOT-018521,0.8643788875200544
PLOT-018018,5.6250212351353
PLOT-015445,0.9158777890416461
PLOT-017119,4.9410493235718285
PLOT-016753,4.299826256952537
PLOT-015479,2.4507914625464853
PLOT-018129,3.781493165896117
PLOT-018629,4.3456495330816365
PLOT-015892,2.5314703443698447
PLOT-015511,2.61743981723357
PLOT-018165,2.0753268539452763
PLOT-017848,1.305531538025651
PLOT-015571,2.075896608448846
PLOT-017061,3.1265605176592755
PLOT-015030,3.4328157018878116
PLOT-015359,1.7573447773078086
PLOT-016740,3.0163035297451155
PLOT-016389,2.284386908296908
PLOT-018489,2.1655026414472434
PLOT-017813,3.1260169035261898
PLOT-016371,3.834137971201449
PLOT-017553,3.17569800432852
PLOT-016251,1.5872299623377033
PLOT-015848,2.0975344137266267
PLOT-018369,4.22508873467328
PLOT-016905,1.2904863529422044
PLOT-015985,3.373859616122218
PLOT-018339,3.292918458818117
PLOT-016667,2.816414333837859
PLOT-017321,3.9556850276150324
PLOT-015440,3.861109952647633
PLOT-015095,1.859388942298299
PLOT-015414,5.0709895396303954
PLOT-017447,1.1162468387870594
PLOT-015087,3.421348502507992
PLOT-015616,2.499735502275374
PLOT-018527,1.5653519452056015
PLOT-015638,4.13907024572608
PLOT-018196,1.095762845222636
PLOT-017701,4.021466694103477
PLOT-015651,0.9754507540884971
PLOT-016284,3.277467196675705
PLOT-017277,4.766045827375666
PLOT-018362,2.053867713008045
PLOT-017940,3.497896383780527
PLOT-018036,2.6524075168077244
PLOT-017892,1.186169342969203
PLOT-015358,1.5247232891291607
PLOT-018341,5.081884722617207
PLOT-015115,3.7722375917108937
PLOT-016758,1.191098182283688
PLOT-017074,0.8250520691834895
PLOT-018714,2.992777188289598
PLOT-015883,4.45729639885532
PLOT-017053,4.300181305097891
PLOT-015124,1.2831462929245323
PLOT-017727,3.0954805768165388
PLOT-015858,2.934792624593713
PLOT-017534,3.3368665370865225
PLOT-016114,2.3081427734511726
PLOT-018558,1.2120787204375998
PLOT-015070,1.781890292268788
PLOT-017776,2.234441930165387
PLOT-015415,0.9463156994514954
PLOT-016054,2.0460647553999896
PLOT-015737,2.502189056859065
PLOT-016136,2.1284076527329385
PLOT-017466,2.770726822935588
PLOT-016263,1.9348237675827153
PLOT-016684,3.4322997797646138
PLOT-016002,3.9571753896857262
PLOT-015732,2.1144728567469833
PLOT-017092,1.96537832686064
PLOT-015561,2.381854764480096
PLOT-016611,2.288682158438737
PLOT-018737,3.192516954645778
PLOT-016298,2.818002174221064
PLOT-016218,1.5465196235019585
PLOT-017167,6.067442959569609
PLOT-018161,3.949476922546834
PLOT-018476,3.2613704512781214
PLOT-017875,2.719710435052468
PLOT-015868,2.3937049012805596
PLOT-017646,0.7351780835936006
PLOT-017200,1.8057402309892936
PLOT-015194,5.519973196812759
PLOT-017095,1.0155521055128942
PLOT-016283,3.025540934500337
PLOT-016303,2.6043424842946004
PLOT-018517,3.4435070528385134
PLOT-015964,3.1555821554973114
PLOT-017386,2.7694547568356263
PLOT-016363,1.866341870581787
PLOT-015181,2.2511564837929607
PLOT-018094,3.5358062318407133
PLOT-017138,2.714131814709767
PLOT-015200,1.4676875974304122
PLOT-017829,4.512093582643788
PLOT-016961,1.198106809871974
PLOT-017908,3.956042439691363
PLOT-016787,0.29501810487623553
PLOT-018491,3.1578665914199933
PLOT-016010,4.85004971442115
PLOT-016937,4.388014626271166
PLOT-016140,2.173253665437826
PLOT-018552,2.501051281433559
PLOT-015267,4.235404713456318
PLOT-015375,3.2343491273571776
PLOT-017888,4.937949369077342
PLOT-015735,2.221999215466401
PLOT-015699,1.1694609046683992
PLOT-016226,1.7273133096189697
PLOT-017731,3.1727304832140013
PLOT-015370,1.4417586120938022
PLOT-015512,4.033925027417857
PLOT-015729,1.2693052577652095
PLOT-018046,1.5467518966987925
PLOT-016197,0.7906559232088022
PLOT-016799,2.342978787693684
PLOT-016782,2.6773094207962065
PLOT-018480,2.6163505128024163
PLOT-015325,1.8494864564389024
PLOT-018661,5.2408310714486115
PLOT-018704,3.7425596981969247
PLOT-016825,4.47806058042162
PLOT-016125,3.6854360772166244
PLOT-016365,0.496798761684216
PLOT-016892,3.33404793254369
PLOT-018449,2.615210352574703
PLOT-017066,1.4771541686430076
PLOT-015768,2.404005955307853
PLOT-015416,3.589602465568531
PLOT-017780,1.0339133300210452
PLOT-018493,2.5244531020683754
PLOT-018003,2.766118434094856
PLOT-017549,2.846712225897353
PLOT-018739,4.132299640339602
PLOT-017926,2.0239017406982924
PLOT-017827,2.777439742594477
PLOT-018066,1.3265123144794992
PLOT-017546,4.594421076043575
PLOT-016759,3.162104493254988
PLOT-016413,4.157458476842969
PLOT-016748,5.294060765049224
PLOT-015377,1.262292464285422
PLOT-016015,2.570422473755684
PLOT-015546,3.3017602981670637
PLOT-015691,2.3538451830894447
PLOT-015949,3.096973122059064
PLOT-018025,2.800077387589413
PLOT-017024,3.3555229777949354
PLOT-016559,3.1475921845409847
PLOT-017764,1.1518321687168371
PLOT-015890,1.8548177428806316
PLOT-015060,2.8809364114312968
PLOT-016724,3.1437110269240574
PLOT-015632,4.798738495485743
PLOT-018226,2.036320358503338
PLOT-016599,0.9579268395637686
PLOT-017810,5.516482431617555
PLOT-016695,0.7151284031461536
PLOT-016436,1.3563222692242942
PLOT-018083,3.090445976275086
PLOT-016852,3.440834498711387
PLOT-018076,2.8245326607718204
PLOT-017576,0.6815210887915952
PLOT-017359,2.2671297686234477
PLOT-017696,2.769470658499495
PLOT-016238,5.4454044307307
PLOT-018309,2.314158470053626
PLOT-018047,0.8400687026552217
PLOT-015746,1.069504234812115
PLOT-015328,1.5794955577612422
PLOT-018648,2.7003985915788804
PLOT-018664,2.2421923436305997
PLOT-016989,3.32547276710279
PLOT-015034,4.2417980789138845
PLOT-018344,1.1777958534465927
PLOT-016784,5.288895405568506
PLOT-016686,3.2498179391954016
PLOT-016244,5.459452123979115
PLOT-015449,2.4145045516666426
PLOT-017923,2.4956036969088005
PLOT-017916,0.9607566448398044
PLOT-016005,0.9614581073848958
PLOT-017699,3.588638373382308
PLOT-015718,5.198953951835414
PLOT-016621,0.7535797589274472
PLOT-017443,2.2459358219687853
PLOT-016364,0.8543766782109072
PLOT-015125,1.4282153669918727
PLOT-017639,1.6011787057151923
PLOT-017302,3.2680948643555943
PLOT-017345,8.259132278226833
PLOT-018486,3.8419135224420438
PLOT-016780,1.7996387178053663
PLOT-017402,0.8153512623339687
PLOT-016050,3.866180790731183
PLOT-015701,3.6078220135802646
PLOT-015340,4.533851700083899
PLOT-018720,2.3382679904920356
PLOT-015187,1.7004607866102148
PLOT-015983,3.4437384758817884
PLOT-018244,1.4488445212779417
PLOT-018696,2.3572040987886838
PLOT-015121,2.847568366222019
PLOT-015603,1.7412168138750688
PLOT-015667,1.6196985709350273
PLOT-017607,0.9279927281563736
PLOT-015244,2.469273852048638
PLOT-015532,3.7472858634684383
PLOT-017027,1.34892692214903
PLOT-017983,4.212250053639339
PLOT-016179,1.0038669594057499
PLOT-017854,3.256447814635855
PLOT-017752,3.472119864872472
PLOT-018628,3.7750232249673354
PLOT-016701,6.869836169555952
PLOT-015801,3.3281203598309435
PLOT-015840,4.229466572427924
PLOT-016235,1.6458651116978869
PLOT-017163,0.8607803858854144
PLOT-016926,4.064366264736067
PLOT-017873,2.2600198444313944
PLOT-015444,2.116803723055985
PLOT-018090,2.378613147113487
PLOT-017284,3.3174660548632224
PLOT-016313,3.7514540831334986
PLOT-015921,2.129932181061442
PLOT-015795,1.9625274319986037
PLOT-015897,1.714899960808272
PLOT-015009,0.9930033902566675
PLOT-017904,2.295533734811791
PLOT-016267,4.1922174200918265
PLOT-017772,1.3467317112823245
PLOT-016747,2.8094807863311897
PLOT-016416,3.0574391333913136
PLOT-018353,1.717207107562767
PLOT-017112,2.5760021415418994
PLOT-017036,2.537298419606808
PLOT-018650,2.831472439349362
PLOT-015213,1.3947086651875018
PLOT-016104,3.4794725841221967
PLOT-016726,2.7064707463995243
PLOT-018386,1.2980379490572123
PLOT-018174,0.7493292267526028
PLOT-018548,3.0931713046872287
PLOT-017159,1.2348499336771388
PLOT-016397,4.421705252568272
PLOT-015836,1.317096634536343
PLOT-015206,5.490443121601621
PLOT-015658,2.9737654854336237
PLOT-018497,0.6483241640869946
PLOT-015739,0.8986905592381302
PLOT-015500,3.3209772607042596
PLOT-017160,5.157163226088103
PLOT-017050,2.5525841422192346
PLOT-017103,3.559735166987242
PLOT-017108,0.9446338215320456
PLOT-018553,3.4215993661168507
PLOT-015666,2.305349297117248
PLOT-017371,2.6261165380595974
PLOT-015564,3.622258451720417
PLOT-016262,2.835480427168237
PLOT-016644,2.522095409488089
PLOT-016206,5.567098994679123
PLOT-016021,2.758903334710927
PLOT-015134,4.159661534036412
PLOT-017156,2.8670126200358976
PLOT-015305,1.393328482479673
PLOT-015915,4.2632711358994655
PLOT-016591,4.34210007566147
PLOT-017312,2.936311683695998
PLOT-017319,2.4047847399394846
PLOT-015619,2.7079388037930614
PLOT-017333,5.50614372615891
PLOT-015903,1.0975776527464667
PLOT-016384,3.0151262294255683
PLOT-016921,1.0253151896655315
PLOT-017739,2.3423604598549432
PLOT-015296,1.3784908007087324
PLOT-015935,3.241825512936155
PLOT-017986,3.3146397634201303
PLOT-015318,7.140575721893238
PLOT-015420,2.0120757668758364
PLOT-017129,3.322856015574135
PLOT-017790,3.042001480599231
PLOT-017656,1.2909563866010998
PLOT-016632,2.112650617288402
PLOT-016051,2.8272537477092814
PLOT-018225,1.1688694201810608
PLOT-017949,4.300319295173949
PLOT-016906,2.1541891309149084
PLOT-015562,1.4878594205283995
PLOT-017367,2.5811707400306734
PLOT-018710,1.943351350293081
PLOT-018731,2.215179844375244
PLOT-016252,1.2661312767236466
PLOT-017403,2.4040577785564072
PLOT-017863,4.819736922221677
PLOT-018598,3.5017160148550537
PLOT-017568,1.7426939150713392
PLOT-017221,4.384323237773156
PLOT-016816,4.174826499380504
PLOT-016587,2.3825880156330714
PLOT-017318,0.9102913463250442
PLOT-016844,1.7638194400634444
PLOT-015742,4.280490805408401
PLOT-018591,4.721466586380361
PLOT-015889,1.6567813017184596
PLOT-017253,3.6203709183430006
PLOT-015748,2.857737648195945
PLOT-018015,2.331353665524251
PLOT-017060,3.3737812837241132
PLOT-018286,4.66075681812237
PLOT-015514,3.341039229253525
PLOT-018038,1.8525561532489334
PLOT-016090,1.3439507077815664
PLOT-015662,3.1103816771653015
PLOT-016688,5.494403575954774
PLOT-015361,0.8067191631505641
PLOT-017796,2.599814463695651
PLOT-018605,1.3605567180299785
PLOT-018501,2.401134228647122
PLOT-015652,2.285080898520343
PLOT-018012,2.084086897980467
PLOT-017293,3.1046907322856137
PLOT-017170,1.7964921420138382
PLOT-017332,2.369619285302108
PLOT-016390,5.798863624544489
PLOT-018096,3.3182969382601355
PLOT-015193,2.5449566297227872
PLOT-018245,0.9613186002909679
PLOT-018081,1.9596208003344722
PLOT-018663,3.924606097079525
PLOT-017419,0.5285588996479811
PLOT-018326,4.256195497357514
PLOT-016915,3.0801542348755415
PLOT-016788,6.339438433376372
PLOT-017072,5.5558239296440695
PLOT-016579,2.266727989331029
PLOT-017705,3.166037582209832
PLOT-016872,1.3908277655545924
PLOT-015705,1.0383209849723174
PLOT-015131,3.4253650393443
PLOT-015592,0.49428535763677695
PLOT-015664,1.0167687716677083
PLOT-015565,2.6319791332775764
PLOT-017503,1.0133769915439719
PLOT-016306,2.3335949919970647
PLOT-016077,4.551104893266544
PLOT-015178,2.2479683393991396
PLOT-017737,4.692305432479677
PLOT-018393,2.904688692469485
PLOT-016431,0.865272707236225
PLOT-016279,4.257467681938213
PLOT-015854,5.060237971241404
PLOT-015720,4.016056288336111
PLOT-016893,2.993157747367849
PLOT-017746,4.873241263704884
PLOT-018507,4.292631257743323
PLOT-016352,3.749493577502975
PLOT-018687,5.587470975126997
PLOT-017541,3.954985600169597
PLOT-017309,2.472635310674334
PLOT-015517,2.433303527956166
PLOT-018110,4.113677123897604
PLOT-017497,5.005861581725369
PLOT-018634,0.948739520551859
PLOT-015079,2.1213595848310574
PLOT-017992,3.9339426153851584
PLOT-016225,4.314253475589648
PLOT-015427,3.4831306928153127
PLOT-016795,3.001745839688792
PLOT-017765,1.8696800505237996
PLOT-018264,0.9194662292307989
PLOT-017756,0.8111592552827369
PLOT-018570,0.9095637282113251
PLOT-016470,1.1902787783519793
PLOT-017178,1.0573520143400992
PLOT-018492,4.813804629522713
PLOT-015933,1.9372151346845112
PLOT-017090,3.026631718082679
PLOT-018323,3.0935134468639465
PLOT-015527,4.328199216503594
PLOT-018504,1.1260093865288803
PLOT-015513,6.331907081602879
PLOT-016995,1.100745151747276
PLOT-017228,3.206349369838516
PLOT-017700,0.9625559728147921
PLOT-015707,1.768505640578375
PLOT-016771,2.0860527284257544
PLOT-016332,2.3894982271600487
PLOT-015670,2.498717494817299
PLOT-017610,3.156030091131223
PLOT-015991,3.9236618411526836
PLOT-016438,2.8129129203798597
PLOT-015180,4.534532628852073
PLOT-016277,3.2627942500607183
PLOT-016674,3.567444223623512
PLOT-018134,4.914292908065527
PLOT-016933,3.4646910093604233
PLOT-017924,3.253341095600777
PLOT-016039,3.171819132860118
PLOT-016084,3.7100459045756784
PLOT-016730,5.528520565360837
PLOT-015615,2.928705262870793
PLOT-017841,2.9706034011033196
PLOT-018607,2.427868454918826
PLOT-016347,6.075411265892764
PLOT-016275,3.358919902894183
PLOT-015802,1.849560144476036
PLOT-017134,2.521566173271439
PLOT-015448,1.327354747297821
PLOT-016387,5.281193007428722
PLOT-018608,6.164561728623659
PLOT-015430,1.3064223678005369
PLOT-018317,0.9076336528730016
PLOT-017893,2.6650836373619593
PLOT-017014,0.4753693857441259
PLOT-015450,2.192857023812808
PLOT-015580,3.530728403958115
PLOT-016609,1.4221154070875193
PLOT-017059,1.9620899959867923
PLOT-015596,7.408206259913849
PLOT-016714,1.0355680222792112
PLOT-015789,3.007970308235871
PLOT-015346,0.4447707047589127
PLOT-015502,3.8866348738300887
PLOT-018590,2.9345254244818677
PLOT-016406,1.6884555620303616
PLOT-017176,3.9245190336727656
PLOT-016166,2.0385666901714283
PLOT-016608,1.836990465238278
PLOT-017301,2.427578086264591
PLOT-016830,2.711750929165903
PLOT-015268,2.08398950668223
PLOT-017013,2.826793800324268
PLOT-017006,3.5231799227972194
PLOT-018141,2.9185900813811503
PLOT-017421,1.5877029994246206
PLOT-017719,1.0334006389176658
PLOT-017157,2.3090616884209925
PLOT-017075,1.4087174220168115
PLOT-018185,1.1734427316725022
PLOT-017305,3.7408356153044195
PLOT-018525,3.0264466205772407
PLOT-018395,2.3654251552526437
PLOT-015992,5.319144387047022
PLOT-015977,2.3618771059065775
PLOT-017236,1.5507431123673616
PLOT-015314,2.736328327597248
PLOT-017721,2.5400714727564195
PLOT-017641,3.1618878606433936
PLOT-015283,1.8251211142472514
PLOT-016134,1.8894230158839966
PLOT-017003,5.758119095026868
PLOT-017742,2.6370773797575193
PLOT-015032,2.615421780793235
PLOT-015590,2.9362440710898396
PLOT-018723,1.8529830792286912
PLOT-015240,5.1905295908179445
PLOT-017771,1.1373844651145597
PLOT-016558,4.864907080158309
PLOT-018071,4.230357290490845
PLOT-017804,4.094479641852351
PLOT-016720,0.8017812212804879
PLOT-015339,1.4560479743110752
PLOT-015993,2.15471853041953
PLOT-016731,1.1125662886322176
PLOT-016785,1.7442384230767227
PLOT-017733,3.29141745372411
PLOT-016170,3.707004082432805
PLOT-018373,1.561188269958469
PLOT-016765,2.575636959928322
PLOT-015498,2.073681034373455
PLOT-015280,4.5071564129211374
PLOT-015217,3.0368635735979517
PLOT-016949,2.1289052600337395
PLOT-015672,3.3955772004100275
PLOT-016236,3.724361647349673
PLOT-016643,6.464581563923146
PLOT-015668,3.247183259149446
PLOT-016483,2.9944503004329235
PLOT-017761,2.167034191730811
PLOT-016412,2.1580825527317042
PLOT-018097,3.4080255868909135
PLOT-016617,1.5424537180753872
PLOT-015356,2.2890184021147375
PLOT-015971,1.3969190912582832
PLOT-018406,3.1504807595790942
PLOT-016749,1.7251002287483557
PLOT-017081,1.790617557908591
PLOT-015852,1.4308581439311965
PLOT-016208,2.5839358275374624
PLOT-017786,1.4393515150188236
PLOT-017839,2.310372633880319
PLOT-015751,2.674873099533769
PLOT-018336,2.6904162315074696
PLOT-018593,4.703834608744365
PLOT-015362,1.6027688736614352
PLOT-016078,1.7101870749399104
PLOT-016597,2.568268192982065
PLOT-015012,2.4185641932804325
PLOT-015485,2.36687652432747
PLOT-016261,3.110258999050576
PLOT-016745,3.325445502195565
PLOT-017735,4.758507013836534
PLOT-018382,3.6168948256974573
PLOT-015786,1.6369216219729423
PLOT-015959,2.3093074962891036
PLOT-017655,0.9601979390985746
PLOT-015740,1.738181193314458
PLOT-015524,2.3213444194421706
PLOT-017879,5.17984666612096
PLOT-017634,1.8181357259099327
PLOT-018092,4.584816400322213
PLOT-017915,2.0534240350316986
PLOT-018621,2.169663591969658
PLOT-017004,3.4808938365027036
PLOT-015884,2.5861318720984565
PLOT-017530,2.390075284475953
PLOT-015453,3.5435682710567957
PLOT-018324,2.3710149088607086
PLOT-016657,0.9927863944145654
PLOT-018639,2.000406596231898
PLOT-017328,1.0970963816028363
PLOT-016425,3.330439853881079
PLOT-015099,3.0921503071602863
PLOT-018690,2.318179630666592
PLOT-017698,1.557250308128092
PLOT-015979,1.5589042889703062
PLOT-016157,6.11529384158695
PLOT-017015,3.0230075518796684
PLOT-016374,1.8622372926637225
PLOT-016381,2.191211289368115
PLOT-016040,2.2952965804406773
PLOT-017168,2.429985996512712
PLOT-016286,7.760993925423878
PLOT-015760,4.411446691420969
PLOT-016086,1.7575288640961706
PLOT-016767,1.4840986184640914
PLOT-015210,3.451680342946519
PLOT-016596,5.016692390659028
PLOT-017052,1.3473007873041076
PLOT-016240,4.95034672075459
PLOT-017276,2.3357044309115658
PLOT-017590,3.0654801429308525
PLOT-017768,5.040375411816953
PLOT-017526,3.7303814999152425
PLOT-016171,4.4360593324539
PLOT-016459,4.755332991066776
PLOT-016183,3.622548178248369
PLOT-018534,3.8303545441590363
PLOT-018132,3.816449283732242
PLOT-015773,4.732654821019924
PLOT-017304,3.7089557366096177
PLOT-015631,3.0156358831351993
PLOT-016153,3.6316553539691374
PLOT-016398,2.3643439111894886
PLOT-015387,0.9687064206193698
PLOT-016496,3.132845450680098
PLOT-016971,2.339730602116066
PLOT-016116,3.587036373117362
PLOT-015476,1.6039629140663545
PLOT-016547,5.482730663505033
PLOT-016463,2.4715580653676357
PLOT-017930,1.7100925606595534
PLOT-016242,1.0725883804165002
PLOT-018215,3.7419769180790423
PLOT-017425,7.502701836825184
PLOT-018564,2.389820385365223
PLOT-015833,4.634444009739913
PLOT-017116,2.9435430009753203
PLOT-017323,5.03764746405809
PLOT-015523,4.745756266651559
PLOT-015203,4.18835042842092
PLOT-018506,4.858045667364686
PLOT-015736,2.5978118321954367
PLOT-018510,5.09525337114276
PLOT-018104,1.7665097120212199
PLOT-017736,0.5996948975815618
PLOT-018520,4.6443447886723535
PLOT-017342,4.0195181805877205
PLOT-016690,1.3420408248910622
PLOT-015929,4.196255346182698
PLOT-017434,1.1756729299086477
PLOT-015372,1.6633832952978522
PLOT-017272,2.83722864164022
PLOT-015488,3.1156677778859954
PLOT-018235,0.8116854460509806
PLOT-016167,6.987527073219787
PLOT-017166,2.286042320572987
PLOT-018586,2.131249251263579
PLOT-015676,1.9687464472593457
PLOT-017242,1.8972335829923999
PLOT-017668,3.016427163655301
PLOT-016121,4.287250440886342
PLOT-017644,1.5379060124889135
PLOT-017835,1.3800797021508324
PLOT-017227,1.3504239753291498
PLOT-018024,2.8134017977274017
PLOT-015700,4.88675860714773
PLOT-017264,4.592370205747852
PLOT-017394,1.8405736793953356
PLOT-018455,1.6079451654578854
PLOT-016108,2.4479202194993337
PLOT-015224,3.7451768769211307
PLOT-017557,2.413057172823891
PLOT-017020,3.9374968211360994
PLOT-015587,4.2472182260679325
PLOT-015172,4.833526184910075
PLOT-017124,2.7047299658674113
PLOT-016324,4.533476321788714
PLOT-015110,0.8474834137627238
PLOT-015582,3.9806870740925873
PLOT-017565,2.3461042695977916
PLOT-016420,6.018031339850492
PLOT-017970,4.65454626522808
PLOT-018061,2.2955492708268688
PLOT-015255,3.6977286764824977
PLOT-018672,1.58126923464686
PLOT-015455,1.8499093182936754
PLOT-016493,1.560058238751198
PLOT-018113,1.1041038036677584
PLOT-018523,0.5047272875687401
PLOT-015800,4.252801141506557
PLOT-018463,3.1159640836131146
PLOT-018135,1.5093860429628299
PLOT-017335,2.3821031213781043
PLOT-017223,0.9946956369335231
PLOT-017864,7.660177076768448
PLOT-015118,2.6868530588671398
PLOT-016911,1.683228717133665
PLOT-017651,5.237845458946024
PLOT-017281,2.8083307336948407
PLOT-016514,1.3673442159123044
PLOT-015876,4.471671385164611
PLOT-018403,3.4836942206489745
PLOT-017055,2.525641954425812
PLOT-015600,2.920824988156442
PLOT-015008,5.559624186601368
PLOT-016164,3.7708900871047626
PLOT-018668,2.810446503110391
PLOT-016809,5.599947217558137
PLOT-016774,2.3800732847417545
PLOT-016781,5.389702280575417
PLOT-018422,0.8561173823840889
PLOT-017994,2.472140436781622
PLOT-015536,1.942340903492377
PLOT-018511,5.099619543585737
PLOT-017667,2.647881559591575
PLOT-018575,2.5094228611634937
PLOT-018678,2.0958744877568716
PLOT-015275,5.579954481669679
PLOT-018426,2.7166845054915343
PLOT-016434,2.059784854749058
PLOT-016489,1.9774832412499932
PLOT-015442,3.7550111448302412
PLOT-018383,1.7104473277172527
PLOT-017143,2.514159908315387
PLOT-016564,1.0598500471430923
PLOT-018128,3.0555475871823647
PLOT-015984,4.82091205350366
PLOT-015785,2.9020808030650795
PLOT-015928,2.0537071259239004
PLOT-016260,2.9398341881609826
PLOT-016294,2.654145256066266
PLOT-018259,3.886117551638901
PLOT-018616,3.4099861457788196
PLOT-018606,2.2756347337513585
PLOT-017216,5.0948402243184825
PLOT-016135,3.2623249273387103
PLOT-017665,1.7066289480316488
PLOT-015871,4.507339374706729
PLOT-017086,3.275533842278998
PLOT-015847,4.490663732763943
PLOT-018227,5.468734386261513
PLOT-015024,1.1725875833667814
PLOT-018345,3.7403371261508265
PLOT-015057,2.2913552268297828
PLOT-017594,2.3876383973009387
PLOT-015190,1.6168039090135273
PLOT-015898,1.5230908987695515
PLOT-017490,1.619615179272532
PLOT-018357,2.652315140445039
PLOT-017513,3.349691967598659
PLOT-015492,0.848332021800944
PLOT-015962,3.0514794082892283
PLOT-016257,3.21169986242744
PLOT-018022,1.9057403769084438
PLOT-015640,3.3243354132025904
PLOT-015002,2.1258927362527436
PLOT-016344,5.554744305176718
PLOT-017575,3.3655137981612007
PLOT-015141,2.808111344561899
PLOT-016820,4.148506220886288
PLOT-017501,2.321826421199009
PLOT-015612,2.161362914141789
PLOT-017531,2.9298916997932687
PLOT-016582,2.122289932626321
PLOT-017965,2.195867054059238
PLOT-017991,3.047274890307536
PLOT-017054,4.489990275574418
PLOT-015227,2.539026892133831
PLOT-018364,2.770995005583789
PLOT-015568,0.6061791605394982
PLOT-016732,3.1057260506711293
PLOT-015572,5.401299210748406
PLOT-017017,2.8794507235862685
PLOT-017741,4.128649512094925
PLOT-017961,2.293910068148425
PLOT-017989,2.0355627793843047
PLOT-015289,3.580385698988953
PLOT-016122,2.379640688955642
PLOT-015920,1.8725927229138244
PLOT-017109,1.3695939666577381
PLOT-016583,1.0498025573872634
PLOT-016229,4.883203074534603
PLOT-015939,6.296453305323218
PLOT-017762,4.608168296092852
PLOT-017536,3.3709189398652035
PLOT-015426,2.4238458450757623
PLOT-018053,5.300939890501965
PLOT-016144,2.827691610003841
PLOT-017211,1.7974624924755556
PLOT-015602,0.5112580967212483
PLOT-017111,3.5265607787795994
PLOT-017779,5.74908465278772
PLOT-018017,1.6468528298536156
PLOT-017521,4.911831768892303
PLOT-016308,2.4360712451654907
PLOT-018248,2.6893510220635775
PLOT-015423,1.5582282303449586
PLOT-017728,2.16365131759501
PLOT-016429,4.463839484014261
PLOT-015578,2.9319852390668797
PLOT-015278,3.9604895729251184
PLOT-016491,1.104465375404331
PLOT-015151,2.248415565104475
PLOT-018130,2.1885820990682654
PLOT-015378,2.756689148207528
PLOT-015895,2.217669936069772
PLOT-018666,3.275974609784999
PLOT-018355,5.895304743206741
PLOT-015841,4.310826114925758
PLOT-018209,6.034954614725545
PLOT-017194,2.9224862680379466
PLOT-018301,2.5259311940224443
PLOT-016614,2.267969253605711
PLOT-017783,3.103396062955044
PLOT-015717,1.346851410677764
PLOT-018032,2.4559423447347988
PLOT-015386,2.4117896891157655
PLOT-015446,1.3977150170370607
PLOT-017106,3.6933303319696233
PLOT-018727,2.498221383549365
PLOT-016222,2.535942420568331
PLOT-017595,1.9492504091049039
PLOT-018172,3.9029971115240167
PLOT-015142,2.7554468659276505
PLOT-017254,1.3839777866497673
PLOT-016903,2.261505831037588
PLOT-018037,2.405798424886671
PLOT-017457,3.595725954649718
PLOT-015451,4.451890012289982
PLOT-016228,3.387212945297064
PLOT-016256,2.1315582978852574
PLOT-018188,1.3604842527863628
PLOT-018187,3.567730141858734
PLOT-017395,1.7248565803751248
PLOT-017502,2.12813230597918
PLOT-017246,5.7572479582635685
PLOT-017679,3.1915801396735937
PLOT-017645,2.313390109582563
PLOT-015734,3.4671628321596693
PLOT-017931,2.767865014335106
PLOT-015456,5.342248704969191
PLOT-016391,2.519234591187214
PLOT-017703,1.9268718521162964
PLOT-017955,3.580515753427293
PLOT-018424,2.192116551195903
PLOT-017704,3.6755047726279666
PLOT-017831,3.8408618078440964
PLOT-017693,0.6203812162596927
PLOT-018179,0.994937444001972
PLOT-017740,2.9952347756584894
PLOT-016670,3.1954459510771294
PLOT-016876,1.9587686701019502
PLOT-016457,1.123048204321785
PLOT-016188,0.8465783190904297
PLOT-016523,0.7325166513892127
PLOT-015803,1.0242350673388454
PLOT-017592,1.7141382036086623
PLOT-015036,3.1298603339539155
PLOT-018547,0.837539221043268
PLOT-018490,7.015778604762672
PLOT-017201,3.55499321301263
PLOT-018559,2.6530043798439316
PLOT-015855,2.1232947480843256
PLOT-017407,1.6751432677028448
PLOT-017748,3.221437235655752
PLOT-016325,3.082290936594879
PLOT-016910,0.7215144002828998
PLOT-016626,3.1340168233796217
PLOT-016727,2.6160544109501376
PLOT-015100,0.7843255827562596
PLOT-018251,1.7013908112199394
PLOT-016929,3.9113019854242297
PLOT-015341,3.786323780900137
PLOT-018532,2.8212118619139437
PLOT-016312,2.6516641667916097
PLOT-015540,1.6798308223211569
PLOT-018292,2.0189663612470166
PLOT-015243,1.128878005927269
PLOT-018342,2.2357775360553855
PLOT-015419,2.5153534101528447
PLOT-018330,1.7103517051498867
PLOT-016888,2.650388749711806
PLOT-016734,2.294838889418531
PLOT-015727,1.9269919284562789
PLOT-015037,1.655002194144564
PLOT-017202,2.819970526229788
PLOT-016742,2.147449558406259
PLOT-017898,2.1027484286391984
PLOT-015071,3.9855297703963326
PLOT-017951,2.520985481888808
PLOT-016203,1.3969456954683377
PLOT-015226,2.5586985078435376
PLOT-016141,0.932230777156327
PLOT-015669,4.240532053317223
PLOT-017411,3.061593930448584
PLOT-016541,3.5667546165107216
PLOT-017846,1.5687994917858559
PLOT-018428,3.2474256108935764
PLOT-016849,1.5680742681578506
PLOT-016102,3.166646535514331
PLOT-018657,0.6112099390098449
PLOT-017114,5.4087179197374615
PLOT-018335,3.057249074909857
PLOT-015468,3.324630879268071
PLOT-017031,2.2767011255755985
PLOT-017787,3.0879031343177035
PLOT-016916,1.9048913423782938
PLOT-017311,2.200137324448897
PLOT-018389,1.0653496469120407
PLOT-015824,1.4328130683439102
PLOT-016396,1.952916916882283
PLOT-017975,4.67897456085324
PLOT-017363,4.012281131913459
PLOT-015845,3.129146427153006
PLOT-017777,3.0453073967017628
PLOT-017911,2.993937203870314
PLOT-018123,3.80655953458659
PLOT-015078,3.2057925417056476
PLOT-018160,4.216360003617301
PLOT-016321,1.7481314693233116
PLOT-016083,2.3794723714296584
PLOT-016320,2.105612308471135
PLOT-017558,4.806829251554533
PLOT-018363,5.565565408063066
PLOT-016700,0.663502540647102
PLOT-015943,0.7948847743609173
PLOT-017712,2.220984106723362
PLOT-018304,3.485956228727494
PLOT-016733,3.0390165589951965
PLOT-015241,2.919064194798596
PLOT-018312,2.1046766630463427
PLOT-018299,2.613568909945411
PLOT-017856,3.4617585819030325
PLOT-018006,4.210268111742909
PLOT-018302,5.147363778269901
PLOT-015526,3.0175599719377932
PLOT-015798,2.6902758188764793
PLOT-015713,3.46929560085669
PLOT-018139,2.422022716153709
PLOT-018685,1.1415905348759419
PLOT-015738,2.207035543138318
PLOT-016946,1.4846229352577134
PLOT-017225,3.1613243000807603
PLOT-018118,3.828215304315554
PLOT-018434,3.6131454197629664
PLOT-016377,3.7511747781623694
PLOT-016914,6.21592212199767
PLOT-016778,5.2160950254147815
PLOT-018633,2.0195807672487813
PLOT-015757,4.150948871583775
PLOT-017711,2.488594034831829
PLOT-015429,4.688274342549602
PLOT-016982,4.083418734488774
PLOT-018432,3.47424983968711
PLOT-018313,1.8328946217865565
PLOT-016966,4.893634360470304
PLOT-015981,3.131757641444905
PLOT-015263,1.2588024962876865
PLOT-018202,3.062674154418874
PLOT-018701,3.3396657612389156
PLOT-015547,0.7544778641589557
PLOT-015454,2.7039999653092424
PLOT-015338,5.846228634892864
PLOT-015026,2.0275166794987247
PLOT-017844,1.9595094326211553
PLOT-016062,2.1640633980263266
PLOT-015320,3.396938826740758
PLOT-015000,3.3254889497358096
PLOT-016506,0.912866812012898
PLOT-018686,1.936395322091803
PLOT-016151,2.609732902057565
PLOT-015407,2.5315372389211546
PLOT-016769,4.313705374159699
PLOT-016210,1.8460582471552713
PLOT-015750,3.3566005607323333
PLOT-017000,1.474784321549044
PLOT-016542,3.2182646206259826
PLOT-017794,2.816113698949372
PLOT-016095,5.32343651159561
PLOT-018217,3.276189995455253
PLOT-015577,2.7337627953832224
PLOT-016326,2.290237887145042
PLOT-017811,2.700219656769318
PLOT-018143,2.6125347870841518
PLOT-017234,4.6899379540761315
PLOT-015270,1.367450549987692
PLOT-015170,1.5613709395170738
PLOT-017905,3.5144835413539943
PLOT-017189,0.9603507913908405
PLOT-016783,3.914622168993836
PLOT-015674,3.516467198357051
PLOT-017807,2.3935112170977777
PLOT-016868,2.8625091953476045
PLOT-018515,0.855011681637206
PLOT-016441,5.5670532919870235
PLOT-016723,1.6882653104958167
PLOT-016958,3.3312604432688286
PLOT-016619,0.804354296229469
PLOT-017366,2.045785649599509
PLOT-017866,3.7583325791648163
PLOT-016987,5.413291640288495
PLOT-015253,1.464281060204444
PLOT-016276,1.9692651844247049
PLOT-017910,2.2711690550823658
PLOT-017289,2.5020650405456646
PLOT-015295,3.328620005583055
PLOT-015053,1.1948819090178482
PLOT-016096,1.4174417884783126
PLOT-015191,2.4524808451815723
PLOT-015301,3.027341965542917
PLOT-015365,3.677769206245817
PLOT-017499,3.0299263284555593
PLOT-016977,3.650817221208261
PLOT-018703,2.222851613315946
PLOT-015744,2.6093057608143164
PLOT-016191,3.1624901070840465
PLOT-017039,2.34632480686535
PLOT-017670,2.6818010845841007
PLOT-016923,3.747944286688445
PLOT-016355,1.3080354649422117
PLOT-016113,2.255112042122694
PLOT-017511,2.528115280165085
PLOT-015374,2.737374716457959
PLOT-016821,1.8756771484406949
PLOT-015291,0.8227988531230475
PLOT-018358,4.183118637831985
PLOT-015389,3.3855862617793386
PLOT-018375,4.084271363184577
PLOT-018133,3.5681286717175884
PLOT-016180,3.6485348412484266
PLOT-016598,2.78113157388576
PLOT-018514,3.362950161479768
PLOT-017084,0.8605880637941541
PLOT-015214,3.0711058159133198
PLOT-016016,3.211617283436282
PLOT-016864,3.4923897390085634
PLOT-015410,0.9051776391752968
PLOT-016545,3.068841184755503
PLOT-017619,0.9220425819993097
PLOT-015832,2.4367091329417847
PLOT-015179,4.096766914632647
PLOT-015690,0.47328815036966415
PLOT-018122,1.4233745159156876
PLOT-015470,1.784376894533463
PLOT-015704,3.582523523152413
PLOT-017346,0.811608021250912
PLOT-018653,1.3131758761433359
PLOT-017887,1.8095117790399955
PLOT-017593,3.1133103750510216
PLOT-016075,3.5542456365370048
PLOT-018680,4.863894088112049
PLOT-016627,1.566968412267954
PLOT-018399,3.027409170382646
PLOT-018295,4.256687388550791
PLOT-015063,6.50503321234403
PLOT-015769,2.948004489269381
PLOT-016428,2.168064782630761
PLOT-015324,2.36183428264199
PLOT-015819,3.205983168219011
PLOT-015780,0.505263839266867
PLOT-016699,2.0278666951635995
PLOT-016123,4.556970924320727
PLOT-018152,2.867191841971139
PLOT-015752,3.6682090213413887
PLOT-016067,3.3820892479318876
PLOT-018614,6.533235789500377
PLOT-016041,1.4513236755929007
PLOT-018109,2.8476595042133033
PLOT-017417,3.5821399706219754
PLOT-015716,0.9009958687289321
PLOT-017717,3.446869423619704
PLOT-017582,2.610963478413133
PLOT-015550,1.7973470669917724
PLOT-018008,3.563076913513814
PLOT-015749,1.0128929831254094
PLOT-016487,3.661044853051412
PLOT-017486,2.512040552606345
PLOT-018337,1.6704368435767794
PLOT-017426,2.925481666736246
PLOT-018213,0.7746789950027502
PLOT-017928,4.4578981637239625
PLOT-018400,1.4735441485701386
PLOT-018531,1.3732825422714483
PLOT-017130,3.5607899687958526
PLOT-015842,2.706616532074224
PLOT-016997,5.696847738147475
PLOT-015020,2.7826390854684235
PLOT-017418,4.115902169839692
PLOT-015879,0.8956114698323272
PLOT-017329,2.7466740409440775
PLOT-018050,3.173714743882464
PLOT-015863,5.5170105772461415
PLOT-017190,2.6595792915691976
PLOT-016376,3.6033969139034325
PLOT-016936,0.9717144711804884
PLOT-015354,2.3021788252609294
PLOT-015951,1.6595913436402288
PLOT-018496,0.8960035572383318
PLOT-016930,3.8207148319580106
PLOT-016430,6.499827584165648
PLOT-018121,4.020482403448003
PLOT-017543,2.3448751477614427
PLOT-017978,3.308278886244643
PLOT-016305,5.631217348709518
PLOT-016073,2.8050998228470845
PLOT-016159,1.4378169832120653
PLOT-015058,2.1521520911768928
PLOT-017450,5.14558737863531
PLOT-017033,2.45926023529935
PLOT-016696,1.5702254254215888
PLOT-016379,1.1307590162457584
PLOT-016536,2.513273189070979
PLOT-016593,2.3412331847479524
PLOT-018407,2.643926525849944
PLOT-016539,0.6312905013884516
PLOT-017566,2.4504894255226386
PLOT-016423,2.517478190429158
PLOT-017899,1.1409869141092754
PLOT-016718,2.721725554726214
PLOT-018418,3.3820210252809937
PLOT-017527,2.8720759897446935
PLOT-016068,2.9018360335035727
PLOT-015147,2.355312796418424
PLOT-016715,3.3414970012018266
PLOT-018198,3.3497364720615597
PLOT-016589,3.549765506983061
PLOT-017747,2.895558498066683
PLOT-016531,2.6777803015046557
PLOT-017799,2.518776026265303
PLOT-015452,0.6776548641352655
PLOT-016561,1.175221638717621
PLOT-016955,3.3465274810671874
PLOT-018544,2.486823666577249
PLOT-015192,1.4327133838778914
PLOT-016038,2.3862019138338644
PLOT-016537,4.454561261212532
PLOT-016293,2.570102170170563
PLOT-018398,1.8014104270212195
PLOT-018378,2.4564123713587387
PLOT-017606,3.522685025706122
PLOT-015626,3.004472732821473
PLOT-016697,2.416362068778508
PLOT-017338,3.0287249349854233
PLOT-018067,2.174836297330485
PLOT-017294,3.2525417852273013
PLOT-015974,2.2345707117578493
PLOT-016763,2.334848816488232
PLOT-018460,2.9111060512105453
PLOT-015150,5.481397198666165
PLOT-017948,5.756296085855348
PLOT-016524,5.022396676063242
PLOT-018623,2.689487517630749
PLOT-018719,3.805547393585096
PLOT-016939,1.6301816268862663
PLOT-018360,6.360173281219119
PLOT-015484,0.95793073184572
PLOT-017520,1.3978227771378695
PLOT-018042,4.572703043557984
PLOT-016302,2.329169971071476
PLOT-015649,3.870925736902613
PLOT-016495,3.1451205139794687
PLOT-018724,2.3513297467482266
PLOT-016527,3.585499664260616
PLOT-018568,4.104998135302849
PLOT-017347,4.3919550629049535
PLOT-018331,3.2700502986544384
PLOT-018482,2.134989083081336
PLOT-017082,4.299531854595774
PLOT-016216,1.6688690531127581
PLOT-018468,1.8455932168652072
PLOT-015945,3.036437521823037
PLOT-018396,4.462539254261054
PLOT-015072,3.7569377111135256
PLOT-016610,1.8099740573451486
PLOT-017614,5.489720225691614
PLOT-017098,0.9404587034012786
PLOT-018503,1.899128738544692
PLOT-015762,2.0400359505571113
PLOT-015089,3.137489589371421
PLOT-017621,3.490658495976571
PLOT-016375,2.4604564749648152
PLOT-015017,3.658172657108106
PLOT-018494,3.0467015979365355
PLOT-015804,4.687967913243225
PLOT-016526,2.4310944246808175
PLOT-018537,2.6629936680215485
PLOT-017662,1.3039044459120217
PLOT-016127,2.283256697768228
PLOT-017248,1.5844347267954435
PLOT-015838,2.6413210344234277
PLOT-016057,4.283327836135721
PLOT-015864,1.2231394671281899
PLOT-018182,2.097376298521074
PLOT-018404,1.5483608647935834
PLOT-015298,2.1824828632339135
PLOT-018059,0.21874707671086416
PLOT-016801,2.466720548760184
PLOT-016871,2.339262810757851
PLOT-016061,3.5513102045044653
PLOT-016029,3.6039837161771007
PLOT-017769,1.7850858327638708
PLOT-017182,2.9368047571458367
PLOT-015398,3.3541938625540384
PLOT-017643,5.1089039788970165
PLOT-016337,4.331708159593329
PLOT-016802,1.6318382444718103
PLOT-017918,2.377864872254089
PLOT-017142,2.821593649065521
PLOT-016845,2.3605998747385577
PLOT-015395,2.1676316708424803
PLOT-015094,2.9892843115270167
PLOT-016291,1.225870031950261
PLOT-018411,2.6289152969747533
PLOT-016353,2.2315553256373994
PLOT-016469,2.833893665185631
PLOT-018585,2.0273305778684056
PLOT-018311,5.163773155256609
PLOT-016444,2.256882748496338
PLOT-016543,2.639185063107698
PLOT-018658,2.7852791113885367
PLOT-016942,2.921991697167912
PLOT-018518,3.021515517700675
PLOT-015661,3.3825841240752266
PLOT-018117,1.460894877936357
PLOT-016682,1.8168802619735247
PLOT-016635,1.4471466355984708
PLOT-018065,1.5680978457520727
PLOT-015317,1.7867314175335485
PLOT-018334,2.091330966178825
PLOT-017233,2.4614819188617183
PLOT-015947,1.2432943928572977
PLOT-018376,3.046410231240335
PLOT-015770,3.8915427929883144
PLOT-016380,2.3130645899649696
PLOT-016962,2.722691547184339
PLOT-017470,1.0736731343549144
PLOT-015544,4.3154469991745925
PLOT-016382,5.996219559842679
PLOT-018216,1.4006266441721067
PLOT-018102,3.296404381600789
PLOT-016831,2.300126995500386
PLOT-015635,3.7200668400394163
PLOT-016181,4.262456383712566
PLOT-017041,5.411846736158011
PLOT-017685,1.17493752836057
PLOT-015108,2.329958948653838
PLOT-017439,2.278388943804531
PLOT-017754,3.8740686498937396
PLOT-017410,1.5734768937413959
PLOT-017548,1.7593427775417758
PLOT-017161,3.406766314489217
PLOT-016940,2.978455138095554
PLOT-018256,3.8154651056883915
PLOT-015139,2.211536861194911
PLOT-015712,3.5779969418395687
PLOT-017144,5.4338222084148
PLOT-015287,2.194087773235612
PLOT-017077,1.2573002907455195
PLOT-015823,3.92143789542842
PLOT-017035,2.2456602839095576
PLOT-017914,2.478514142732395
PLOT-017449,1.4969457850949341
PLOT-016869,1.4108371079528585
PLOT-016513,4.048855199797079
PLOT-018023,1.6760379605947406
PLOT-018300,3.1851162434358646
PLOT-016224,5.803174803732378
PLOT-018176,2.6918605087301217
PLOT-018509,2.1763268246355
PLOT-017099,3.144446138004929
PLOT-015525,1.8302709685326966
PLOT-015473,2.0108319245019843
PLOT-015506,2.300211746428981
PLOT-017011,2.524159805642582
PLOT-016223,0.8791355595030372
PLOT-015396,2.230727612319593
PLOT-015515,3.173669980845302
PLOT-016343,2.460407689113713
PLOT-015891,2.799375894212873
PLOT-018412,3.626858762432121
PLOT-016264,2.6456265757128037
PLOT-017164,2.5483263566092407
PLOT-015877,2.1329962418303317
PLOT-017118,4.840131875251303
PLOT-015013,2.0758898816918303
PLOT-018693,2.0105720725941367
PLOT-017065,1.4235621171192037
PLOT-017825,3.392333686013504
PLOT-017812,5.3982106581403615
PLOT-015376,0.9330765968505621
PLOT-017361,1.8631657352109405
PLOT-016900,2.8852124120421374
PLOT-015857,4.363252469359449
PLOT-015503,3.6135689321248585
PLOT-016081,4.809475964279612
PLOT-015046,3.446431369084761
PLOT-017297,2.8767731721277214
PLOT-015266,1.5582420868414932
PLOT-017626,2.8772070226901145
PLOT-018346,0.9054152792595955
PLOT-016549,1.2976684069219047
PLOT-016022,3.7469800260657498
PLOT-015232,1.7312640415579137
PLOT-018063,1.728284778934676
PLOT-018243,2.302725461892968
PLOT-018354,6.269372887679357
PLOT-018562,4.365149027822599
PLOT-018681,3.1587804226379848
PLOT-016189,1.2116382026811667
PLOT-018028,1.9159783305574398
PLOT-017188,2.157881432428476
PLOT-016584,1.7035448219640072
PLOT-015173,2.634904950394584
PLOT-016165,2.1039935462696913
PLOT-015204,1.9754789529307608
PLOT-017519,0.9454104710265234
PLOT-017263,5.512268089887688
PLOT-016177,1.620696439513932
PLOT-016162,2.576282727297564
PLOT-015630,3.2312398740435477
PLOT-015681,1.7346330003882158
PLOT-018683,1.6852027764063275
PLOT-018016,1.4056821277304705
PLOT-018408,1.8266113962794148
PLOT-018240,2.029274758754346
PLOT-016511,1.9304846697028206
PLOT-015621,4.202964674739622
PLOT-016450,3.8917202140823877
PLOT-017455,2.6785527960710636
PLOT-016554,3.193082411609625
PLOT-016292,2.14636215254395
PLOT-016106,1.2143251051608135
PLOT-016600,1.6975888102836794
PLOT-016409,5.419950423390016
PLOT-015132,2.744447024257419
PLOT-016851,0.8126620929332088
PLOT-016124,2.544167684478906
PLOT-016036,2.1297776563248916
PLOT-015644,4.423133431007469
PLOT-015778,1.3624548245812398
PLOT-016447,3.765358296070855
PLOT-018162,1.4339500610280553
PLOT-017716,3.057862556527456
PLOT-017552,2.4934797538384075
PLOT-017314,2.1250944954351234
PLOT-018456,3.885911776617453
PLOT-018366,0.3759306252909943
PLOT-017516,0.7668519588980409
PLOT-017745,3.751624962707129
PLOT-016586,2.4034651156637734
PLOT-015117,6.391180546188029
PLOT-018642,1.0844817535426279
PLOT-016192,1.6869520716500865
PLOT-017603,5.292488228270803
PLOT-015563,1.5274408379224242
PLOT-015722,3.666834202146252
PLOT-016418,2.4486645181094
PLOT-015490,3.5075104686499636
PLOT-016070,3.2602092684279067
PLOT-017280,2.9973114292681418
PLOT-018148,1.5368998667827705
PLOT-017185,2.472284551704202
PLOT-017320,1.5710435694711393
PLOT-017461,1.7393430521111015
PLOT-017222,1.8647523019070238
PLOT-016458,3.6963169299248575
PLOT-017706,2.793604057705722
PLOT-018415,2.4443100797873054
PLOT-017068,3.5164956304329036
PLOT-017350,3.078032221637666
PLOT-015609,3.6429850126507444
PLOT-016538,3.0176888198939813
PLOT-016455,2.8796458798781797
PLOT-017436,1.2535011775902245
PLOT-017021,3.4036414175887573
PLOT-015997,1.9176378028086505
PLOT-015576,2.0553982245283478
PLOT-016163,2.946177267435789
PLOT-015019,3.742977817681015
PLOT-018325,2.740415503505838
PLOT-017906,2.6486273711770623
PLOT-017751,1.480179397462758
PLOT-016274,3.014040873272386
PLOT-015755,1.9980725421769399
PLOT-015754,3.3997551915588864
PLOT-017451,1.807895266573987
PLOT-016327,0.31191094359899396
PLOT-015639,1.1290280190744928
PLOT-017749,6.202686715848244
PLOT-015043,2.290679390643673
PLOT-015007,2.159223006714409
PLOT-018070,3.3032470461667702
PLOT-017383,3.933451936374433
PLOT-015471,0.9303837459438618
PLOT-015421,2.6302031031592654
PLOT-017310,3.5284686496318964
PLOT-015189,3.1148494356240417
PLOT-018619,3.757082088108164
PLOT-018662,2.4211889212016495
PLOT-015905,2.4367346832726846
PLOT-017729,2.700417131081366
PLOT-018049,5.789590827550108
PLOT-018258,5.8785920149030755
PLOT-015464,5.552949787544879
PLOT-017950,2.21019149128277
PLOT-017629,3.1197660050640406
PLOT-018281,0.8813868358915395
PLOT-017334,2.0824573941688405
PLOT-016435,4.679568114938229
PLOT-018689,0.44918579052553814
PLOT-016965,3.2669821606197478
PLOT-015065,2.1355324615930984
PLOT-017043,0.9748942943392995
PLOT-017373,0.9335896039865368
PLOT-015432,2.4745021688893014
PLOT-016432,1.875808189512811
PLOT-015101,2.0638999439050902
PLOT-015048,1.9637396991083245
PLOT-018103,1.2433616941207042
PLOT-018214,1.9700452341458463
PLOT-016847,3.077423671942035
PLOT-018171,2.9335216631482526
PLOT-017285,2.2128086037985164
PLOT-017385,1.2820905070637532
PLOT-016777,3.2383183684831796
PLOT-017695,3.694188873190376
PLOT-018153,2.441168449897038
PLOT-015828,1.5977138315419128
PLOT-017355,3.7658907630167677
PLOT-015129,6.0796419649602145
PLOT-018054,4.198091239299388
PLOT-017085,4.290197730872474
PLOT-015849,3.1997192568336073
PLOT-016953,4.107210031849435
PLOT-015315,1.211947494517478
PLOT-016647,3.224844678519728
PLOT-015237,2.0602527220549653
PLOT-018319,1.8058475146920885
PLOT-016873,0.884004418189186
PLOT-017974,4.506120135861085
PLOT-018443,3.3450772778856956
PLOT-018365,0.944006423573938
PLOT-017505,1.1551685905929427
PLOT-015522,1.9078745106113022
PLOT-018745,2.5389517485205197
PLOT-015054,1.5287982721338003
PLOT-017102,3.4507107911994157
PLOT-018242,3.7789140549502114
PLOT-017265,6.23984338819248
PLOT-016109,2.742828583901513
PLOT-018447,4.709626371295183
PLOT-016193,2.5745029017053094
PLOT-016481,1.0658905403773702
PLOT-015382,2.101615702454581
PLOT-018343,3.5614983194268066
PLOT-017919,3.535507928158717
PLOT-015157,5.677452375554576
PLOT-018502,3.102048511094375
PLOT-017858,1.8365760751217106
PLOT-015558,1.459846525201716
PLOT-015835,3.036512237371232
PLOT-018622,2.0873796072016546
PLOT-015463,3.7514234729336495
PLOT-018368,1.5027723598511602
PLOT-018391,1.036504352004483
PLOT-018371,1.0331833059651963
PLOT-016991,2.178627507832477
PLOT-017973,5.840423636083165
PLOT-018296,3.4618614991731236
PLOT-017471,3.0025128268869596
PLOT-017186,0.5878954829948276
PLOT-017409,1.9478852251742889
PLOT-016874,2.477637924068738
PLOT-016806,2.894068827147038
PLOT-015595,4.943606749630901
PLOT-016085,0.6987936408386521
PLOT-018020,2.83132583216919
PLOT-018746,5.310532251025502
PLOT-016815,2.5334512108478493
PLOT-016770,2.884705200510638
PLOT-017325,2.691399988181302
PLOT-017782,3.83872503597066
PLOT-015367,3.8124367675182538
PLOT-016232,2.8763275350908017
PLOT-018220,2.508521408254769
PLOT-016601,0.8641276211361595
PLOT-016877,3.002057028207751
PLOT-016671,2.533047918391091
PLOT-015097,1.5763022039481835
PLOT-015860,0.7293729203058721
PLOT-015364,1.6766832922927497
PLOT-017091,2.762945120164361
PLOT-015381,1.9619881247265458
PLOT-018647,4.970702237390667
PLOT-018469,3.0351393247047986
PLOT-017336,1.4276785117037853
PLOT-015028,1.6701414359708031
PLOT-016098,0.9673415495324007
PLOT-015447,5.034347419363656
PLOT-017820,4.521199542222532
PLOT-015820,2.739502812672407
PLOT-018170,3.997436610960054
PLOT-017406,3.1654091764252255
PLOT-017123,2.467801970925595
PLOT-017638,3.2965473345632317
PLOT-017678,2.2554923487943195
PLOT-017195,1.502812709528655
PLOT-016622,1.7238990763091402
PLOT-018173,2.3347041054474134
PLOT-015721,1.765715076848896
PLOT-017714,1.6597590990678963
PLOT-017539,2.5864232363949755
PLOT-018397,2.211932763391779
PLOT-017423,2.3050147051025287
PLOT-016691,1.4056422240199746
PLOT-016642,1.1775420830251997
PLOT-015779,2.4076825670023405
PLOT-017196,2.279186953256703
PLOT-016023,1.863033167499119
PLOT-018288,0.6325719529578318
PLOT-015004,1.9654823034596745
PLOT-015428,1.3582567225539277
PLOT-016947,2.346057955827213
PLOT-018660,2.3238665935862244
PLOT-016467,2.4554655593344195
PLOT-015516,1.3878820078511327
PLOT-017573,3.892546049514674
PLOT-018058,3.0252943761939237
PLOT-018416,2.8072918499225694
PLOT-015350,3.2755991817889116
PLOT-016805,2.7724669888107423
PLOT-018191,2.272144994486572
PLOT-016683,3.476461454799944
PLOT-015660,2.6730077353124746
PLOT-018430,2.0003693205700785
PLOT-018005,0.840907572858131
PLOT-017837,6.055328716201136
PLOT-015899,2.214597674444026
PLOT-017525,2.595193446893543
PLOT-017969,2.68469692331813
PLOT-015158,2.1074830978553982
PLOT-015383,2.92510259567729
PLOT-016721,2.1461579261313766
PLOT-018356,0.8802929718775228
PLOT-015140,5.338011798535947
PLOT-015465,3.095684092198601
PLOT-017766,1.911613671490112
PLOT-018587,1.0223492756239598
PLOT-015299,2.0697539098383584
PLOT-015397,2.2330889755867274
PLOT-016615,6.3541033086611325
PLOT-015934,3.365639715019402
PLOT-015887,2.664889802260825
PLOT-017283,2.9927872192647764
PLOT-018150,6.195564830461647
PLOT-016922,4.594563162224899
PLOT-016033,3.3304583204342735
PLOT-016776,4.386517851983701
PLOT-018062,3.793244457733486
PLOT-016634,1.1339282169191434
PLOT-016048,2.70137653629491
PLOT-018157,1.7269850985653625
PLOT-017537,3.1569136644140405
PLOT-016528,1.1843735745779915
PLOT-018120,1.0893430095057237
PLOT-015846,1.683290014655604
PLOT-015251,4.783538011716856
PLOT-017037,2.2651530993538103
PLOT-018669,2.1298994832972387
PLOT-015806,4.475269369973658
PLOT-016552,1.739434751162913
PLOT-017966,2.1357598482977074
PLOT-015715,1.1274071210599472
PLOT-015336,2.022032282324793
PLOT-016659,2.054656305329419
PLOT-015987,3.73118592809554
PLOT-018505,3.253984996878104
PLOT-017993,2.5964600822055615
PLOT-015195,2.1792634402844095
PLOT-017732,4.975553267267505
PLOT-017551,1.3278622985819364
PLOT-016857,1.7605669934437633
PLOT-016044,1.6516534652273376
PLOT-015279,3.591548182127759
PLOT-015096,3.941752201894457
PLOT-016521,2.8539422310474483
PLOT-015441,6.561049003307813
PLOT-016196,2.4078478459982753
PLOT-016812,2.836993072303342
PLOT-016796,3.1702362447533052
PLOT-016042,2.813615562781251
PLOT-017922,3.289774739518291
PLOT-018247,1.625835461398496
PLOT-017132,2.6813199757138073
PLOT-015330,1.2514034174155555
PLOT-015392,3.4629554036611743
PLOT-018601,3.727370341437415
PLOT-018315,1.8923337580186037
PLOT-016515,4.601146223155621
PLOT-015861,2.910730628695719
PLOT-015745,2.620699100626911
PLOT-018347,1.311610150973566
PLOT-017878,1.5811880220328793
PLOT-016111,2.410568027500186
PLOT-015327,3.4309673642907015
PLOT-016119,2.081999896543419
PLOT-016088,3.2112124509074644
PLOT-016897,4.951693098160473
PLOT-017958,0.9325013713467658
PLOT-018625,2.187563730037158
PLOT-018595,1.4157087851174754
PLOT-015003,2.4489563674191803
PLOT-015594,3.5475510376069317
PLOT-018522,3.901838910934504
PLOT-018290,2.1444203683934453
PLOT-016490,2.8178851595157344
PLOT-018277,3.231020532133172
PLOT-016870,1.2026862855335443
PLOT-015549,2.851442109699225
PLOT-015556,4.375462011442439
PLOT-016358,1.3155394493994277
PLOT-018163,2.384401768281859
PLOT-015541,4.391034790350816
PLOT-018433,3.9268265436553924
PLOT-015252,4.097375354619707
PLOT-015264,2.1159015194219504
PLOT-017622,0.9620427130908382
PLOT-016471,1.8101000243613
PLOT-016234,2.9245632819374294
PLOT-018679,4.180909081742898
PLOT-016401,0.60551926242152
PLOT-016853,3.84843072586363
PLOT-017094,3.7643559317318007
PLOT-015918,3.823721424588798
PLOT-018310,2.139015602022629
PLOT-016064,2.6542343170763703
PLOT-016533,2.249017049776557
PLOT-017579,3.2428546798004176
PLOT-015300,4.211898295903128
PLOT-017743,2.332787729210986
PLOT-017326,1.6459003508546886
PLOT-018033,2.6691255328017034
PLOT-015553,2.9547435716213752
PLOT-016512,1.2569111142624765
PLOT-018260,2.6020955216570525
PLOT-015467,2.1596822449318585
PLOT-015344,2.8006856382531438
PLOT-017508,2.0286805863779396
PLOT-018654,2.4720651187030147
PLOT-018513,2.8507581561741935
PLOT-017654,4.488715997124781
PLOT-018031,2.1507449079113545
PLOT-016417,0.54168566247523
PLOT-017673,1.377182696910815
PLOT-017028,3.3034320573086453
PLOT-016448,4.9075926068686755
PLOT-015166,1.4734113591708617
PLOT-016706,1.2524904848006038
PLOT-016338,4.32945858635219
PLOT-017441,0.9524491244849209
PLOT-017307,6.588741351865625
PLOT-018004,2.461939144571365
PLOT-018189,2.306990496379968
PLOT-018221,1.239948276237219
PLOT-015439,2.8255545372487876
PLOT-017288,4.606087939519664
PLOT-015021,2.8805195077349883
PLOT-018060,3.3320103437102113
PLOT-017401,2.231322371207916
PLOT-016079,1.0137572488686193
PLOT-016918,0.416359485245912
PLOT-018279,0.7272539615312463
PLOT-017215,3.378686184003708
PLOT-017883,2.4385919771685622
PLOT-016227,4.444572138563755
PLOT-018193,2.3997381217150022
PLOT-016650,2.856741149804075
PLOT-017073,3.665031297525525
PLOT-016213,2.0152875241632207
PLOT-016544,2.283980599767192
PLOT-016807,5.754736650904795
PLOT-015313,4.14637423550041
PLOT-015487,1.4505887440056064
PLOT-015229,3.8770844975499608
PLOT-017570,2.373251170735842
PLOT-017149,4.463021387833168
PLOT-017512,2.0063193798371715
PLOT-017415,0.7492256135813957
PLOT-017671,2.582650643860532
PLOT-015286,1.6566755777290338
PLOT-017416,1.3190033309780824
PLOT-016698,0.9424911027154779
PLOT-017791,3.8885393538689907
PLOT-016653,2.9340589115459097
PLOT-016901,3.5958574503196394
PLOT-015810,4.025457119726401
PLOT-016693,3.5719900037062744
PLOT-017795,3.688957117383452
PLOT-015431,1.9377031532005886
PLOT-018618,2.2240093216992305
PLOT-017691,1.5356983888977918
PLOT-018688,2.6298747480737936
PLOT-016368,2.265684558875999
PLOT-015620,1.0540331663982574
PLOT-017145,2.991980310954067
PLOT-016520,3.2838881324432374
PLOT-017880,3.084684258438902
PLOT-015936,2.2205173513995775
PLOT-016205,2.4092366540507086
PLOT-016202,2.6410103392831177
PLOT-018695,2.635496214948376
PLOT-018377,0.6809634224051986
PLOT-018578,0.9297878890797489
PLOT-015130,1.9681481477826386
PLOT-015521,2.012634449914807
PLOT-015955,6.53713973015387
PLOT-015913,3.2830546713936712
PLOT-015859,2.9958715000685774
PLOT-016854,2.42107775798362
PLOT-016315,2.565280231317534
PLOT-017154,4.068538382557002
PLOT-018613,1.8152383332748627
PLOT-015127,2.117231495028494
PLOT-015284,3.736976536274414
PLOT-018138,3.358586193627213
PLOT-015978,3.3391008851923103
PLOT-015623,4.119364025378795
PLOT-018735,4.24638456589126
PLOT-015688,2.777296393414359
PLOT-017370,1.1206075349172377
PLOT-016366,3.1515860471782764
PLOT-017500,2.227040462866425
PLOT-015995,1.7140315237723944
PLOT-018380,4.2446541182279
PLOT-017850,1.0200459850350299
PLOT-018112,1.0121156096057098
PLOT-017267,2.590374186769622
PLOT-015610,3.0652217321117363
PLOT-015458,3.0129263537108963
PLOT-017785,2.238307895153727
PLOT-018676,3.027481939259815
PLOT-017158,1.2990024407433927
PLOT-015462,2.3952138284318867
PLOT-016573,3.0915030375049377
PLOT-015792,0.7341229922223746
PLOT-015504,2.4999082248849933
PLOT-015308,6.033672214971753
PLOT-017193,2.7180529558977473
PLOT-015363,4.563641635048648
PLOT-015579,1.5287427886506002
PLOT-015105,1.542793474736246
PLOT-016705,2.5769445645141404
PLOT-017862,1.5624764881934154
PLOT-016132,3.0717600182240505
PLOT-015507,2.337738358180988
PLOT-017268,2.5633453294798714
PLOT-016011,2.505064869485646
PLOT-018604,5.96916542718636
PLOT-015946,3.1883530859892653
PLOT-018284,2.431958462223234
PLOT-017040,0.5479532851343281
PLOT-018444,3.5448162597570687
PLOT-017206,3.2386460954753695
PLOT-016336,1.1407539744761641
PLOT-018381,0.8760297414325775
PLOT-017522,1.5508344470441484
PLOT-017613,3.14299274641365
PLOT-018439,3.9803640512591767
PLOT-015188,1.8459760271330505
PLOT-016793,4.203213804836768
PLOT-017261,2.4207720386047
PLOT-017657,1.2465998104663465
PLOT-017609,3.255895124895353
PLOT-017589,3.6736589391062044
PLOT-018624,2.1924962604128346
PLOT-018576,3.084938150425395
PLOT-017635,2.4331172549312643
PLOT-018175,3.378370305958694
PLOT-017886,3.789184211780731
PLOT-016959,1.2621139594028565
PLOT-015976,2.0681714863537906
PLOT-016707,6.429529342600755
PLOT-017290,1.257460020011798
PLOT-017255,1.657141548545062
PLOT-016818,2.825827996744462
PLOT-015862,4.11311439959299
PLOT-016173,1.0147907552395536
PLOT-016651,3.5365727840339094
PLOT-016340,5.4295170880082315
PLOT-018546,1.6721778021852267
PLOT-015281,1.1850826409880966
PLOT-016509,1.8401042967687566
PLOT-016832,1.7090476321548316
PLOT-017571,1.8440527969302305
PLOT-016115,0.632419566478382
PLOT-015353,1.6113240108556788
PLOT-016034,0.905139196429062
PLOT-015731,4.161976493589946
PLOT-016445,1.1418629344053908
PLOT-015702,1.6017795897173606
PLOT-018635,3.3901548971767084
PLOT-018691,1.8143429449268673
PLOT-018194,3.2632979271595928
PLOT-015160,5.523299414219154
PLOT-018154,1.9484013919077878
PLOT-016881,3.090811430343002
PLOT-018206,1.5751970073628998
PLOT-018742,3.3829352498273986
PLOT-016678,1.9234217037521697
PLOT-016137,5.237096472388349
PLOT-016385,3.0006227059237047
PLOT-016198,0.6335708815870192
PLOT-017237,2.1617306765499698
PLOT-015501,1.8947202454306464
PLOT-017076,1.3827441749509357
PLOT-017376,3.7923638877222725
PLOT-015162,2.6745592942412233
PLOT-018700,2.7764737573062743
PLOT-017152,0.8113489407833825
PLOT-017358,1.1396279383275678
PLOT-015185,1.6968872133906336
PLOT-015459,1.4280569103547167
PLOT-017057,3.0396231299434047
PLOT-017387,1.4378007912681041
PLOT-016007,2.578329316737926
PLOT-016008,5.857476057034513
PLOT-017588,1.7293176468843516
PLOT-018237,2.446750927479506
PLOT-018374,4.754257884401672
PLOT-017388,2.20827521323673
PLOT-016890,0.9412600724121445
PLOT-017270,2.251206624034953
PLOT-016287,2.1304271945445543
PLOT-015368,1.9319094212479664
PLOT-016168,2.0330416875729527
PLOT-016402,3.0584374851587515
PLOT-016925,3.9316995086090447
PLOT-016318,2.988735852906726
PLOT-015493,2.0656191209791697
PLOT-015231,2.5534996433604156
PLOT-017623,1.8905827818375425
PLOT-015333,1.7625977796552488
PLOT-016475,2.932342652579249
PLOT-017882,2.734179905391987
PLOT-015788,1.9001608636241778
PLOT-016138,2.7570788875277343
PLOT-018082,4.305267549506338
PLOT-018131,2.2029769800738057
PLOT-017694,2.2792425474675806
PLOT-017868,0.8337192889731024
PLOT-015380,1.881211539280744
PLOT-017554,4.550776784911112
PLOT-017713,2.1449359585649734
PLOT-015067,4.054237509827717
PLOT-016979,1.798576191626399
PLOT-017271,2.7748940781406755
PLOT-016882,0.8778852475659615
PLOT-015477,2.438011768643635
PLOT-018069,0.6322219785587915
PLOT-017976,4.165620192717898
PLOT-018048,2.9437216012604703
PLOT-016172,2.3959311636646174
PLOT-018086,0.14758050125643069
PLOT-017599,1.1103206558277983
PLOT-016281,1.2394976264711055
PLOT-015425,1.6991080715771094
PLOT-016602,0.9742866278462887
PLOT-017224,1.2941088624560748
PLOT-015207,4.150719660686299
PLOT-016333,1.9142413791520965
PLOT-015199,2.4454651400054606
PLOT-018659,3.81390516233327
PLOT-018556,2.703096556532342
PLOT-016938,2.7379201965304474
PLOT-015881,3.5251579720115656
PLOT-015143,3.099383088792479
PLOT-016772,1.011978485074085
PLOT-016580,2.1573630720879127
PLOT-018580,2.4473581094816432
PLOT-015249,1.7393074567865836
PLOT-018294,1.9652506772892413
PLOT-017392,1.9942529969893423
PLOT-016454,3.357102612875602
PLOT-017424,2.4567821533627723
PLOT-017633,0.9470820073193746
PLOT-015417,1.8451847974703137
PLOT-018569,2.305600795867351
PLOT-017722,2.1367458474025
PLOT-017669,2.3745951689869953
PLOT-017245,2.7433990792999983
PLOT-017515,1.1626268016753165
PLOT-017357,2.123498224732533
PLOT-017972,1.734575468983908
PLOT-018230,1.16313539919877
PLOT-017979,1.7794632411515743
PLOT-016128,0.8384481351729136
PLOT-016522,1.0231380931855314
PLOT-017495,1.7902992584576791
PLOT-017483,1.723283830756409
PLOT-016485,3.138540621970647
PLOT-016990,4.925090864968962
PLOT-018043,4.7704574274525635
PLOT-015912,3.340828302280187
PLOT-015326,2.748207301979656
PLOT-017171,0.9965935644220043
PLOT-015083,1.885096145816947
PLOT-015765,2.8216239762653696
PLOT-017422,3.3406587233427802
PLOT-017676,2.7552307225815933
PLOT-015102,2.2242552405693075
PLOT-015146,2.0378552989133416
PLOT-016133,2.1743551855614847
PLOT-018064,3.067244201408099
PLOT-015394,2.8802346309573856
PLOT-018384,4.5868160820355035
PLOT-017217,3.251474618301511
PLOT-017805,2.0564769156987786
PLOT-018557,3.1083518688302756
PLOT-016221,2.1140729436517067
PLOT-017317,1.618827027076648
PLOT-017869,3.659933479186554
PLOT-018682,4.887150095004682
PLOT-016288,2.0584390241118915
PLOT-015321,0.7087512580500153
PLOT-015111,2.5524826394569433
PLOT-015588,3.5708470872074427
PLOT-016957,3.5988303788896796
PLOT-018219,2.6476224160617385
PLOT-018705,1.824743446387868
PLOT-018074,1.9583547528549197
PLOT-017616,1.1583285358713387
PLOT-016478,2.915030856054219
PLOT-017397,3.316847348350724
PLOT-015136,3.9574816062392033
PLOT-016158,2.6765185373080764
PLOT-015653,4.878369682606841
PLOT-017391,2.4254277148502625
PLOT-017431,3.6176598817529304
PLOT-017935,4.744434019027579
PLOT-018019,5.379761237047901
PLOT-018146,2.9556045829445208
PLOT-016047,2.62796541675958
PLOT-017661,3.6520345018545735
PLOT-017547,2.9336150725175827
PLOT-016530,3.0790339388671106
PLOT-015930,0.7501477960013717
PLOT-016464,2.0659283355824143
PLOT-016875,1.94936326843493
PLOT-015220,2.2297906880565934
PLOT-017136,3.8524292517633376
PLOT-015927,2.9346035236089385
PLOT-017463,3.7784978705123273
PLOT-016453,3.920025483332956
PLOT-017540,1.2956934588676086
PLOT-017788,3.169612080041666
PLOT-016945,1.8073115257996537
PLOT-017684,6.043229763183599
PLOT-015533,0.8651063410576698
PLOT-017901,4.38327498634436
PLOT-015606,1.725495523910077
PLOT-015074,5.184490858198527
PLOT-016764,2.9202351918169613
PLOT-015648,2.083311998676121
PLOT-017653,2.573308304926217
PLOT-016322,2.571800860917233
PLOT-016576,2.9192517721001545
PLOT-017209,1.2396259183702742
PLOT-015113,2.390131862807865
PLOT-017963,2.1387671196778544
PLOT-015986,2.3242590483999686
PLOT-018126,2.082485183584181
PLOT-015747,3.0586377127024593
PLOT-016863,1.8534240676951357
PLOT-015222,4.733518643634538
PLOT-015518,2.1141190832518735
PLOT-016348,2.899024078861126
PLOT-016502,1.9521270820314065
PLOT-017666,2.836541652588017
PLOT-016665,4.111277557078336
PLOT-016555,1.9585392968053688
PLOT-018528,3.1007416153292042
PLOT-017725,3.228934579885942
PLOT-015035,2.0788651871078896
PLOT-015830,2.5780834356184994
PLOT-017175,2.756494808679046
PLOT-017631,2.267916881760278
PLOT-016761,2.422021088604553
PLOT-015347,1.5317081766434004
PLOT-015167,0.9255395046590775
PLOT-018253,3.0400319393334407
PLOT-015116,2.108539429384999
PLOT-015530,3.882711075914322
PLOT-016394,1.2899106873294857
PLOT-016028,2.692591652027237
PLOT-018599,2.5868782308787046
PLOT-017445,2.116430516738028
PLOT-018529,3.214529768284177
PLOT-017872,4.106434989306169
PLOT-018550,2.166244429301759
PLOT-017659,0.9750972740712394
PLOT-017702,2.4852877443653445
PLOT-016779,2.748377823918029
PLOT-016025,2.48053421039486
PLOT-015081,4.456769036600458
PLOT-017162,3.3444031504452227
PLOT-017030,1.3043880817829538
PLOT-018728,1.3946217573276518
PLOT-018180,4.009627465378906
PLOT-016476,4.226204758439139
PLOT-018197,0.9264973374754788
PLOT-016477,0.9760913451771083
PLOT-017510,3.2400395074463906
PLOT-018582,2.004279171011085
PLOT-016886,2.1827078006963645
PLOT-018231,2.998201241482839
PLOT-016629,2.751709348700295
PLOT-017464,4.278969169914802
PLOT-015040,2.98488765682101
PLOT-016704,3.3484034202217017
PLOT-018308,3.634215586379347
PLOT-017859,2.526042290244604
PLOT-015311,2.7993612403815145
PLOT-016631,2.0207648698137435
PLOT-017218,2.4498851022795805
PLOT-017067,3.0482860055824617
PLOT-016426,3.5349857333818466
PLOT-017002,1.7653846764887204
PLOT-015357,1.9884138958245225
PLOT-018473,2.1802122306147593
PLOT-018372,1.9348369969258532
PLOT-016827,1.326689896129646
PLOT-015128,1.7777429000888874
PLOT-016009,4.46090377260073
PLOT-016813,0.799956088592679
PLOT-017244,3.183761307942369
PLOT-015657,1.420319632603671
PLOT-016246,3.134920371376181
PLOT-018472,1.9230833916498649
PLOT-015201,1.7586290032651481
PLOT-018543,4.919803526085827
PLOT-016421,2.309351649468074
PLOT-018190,3.1327415276408663
PLOT-017757,2.4663623184987236
PLOT-018545,2.157122164664785
PLOT-017964,0.8463853076237984
PLOT-015593,3.6280088046189563
PLOT-015970,3.350426933062996
PLOT-015202,2.198038542180992
PLOT-018137,1.8101447278246607
PLOT-016974,2.0023282187098213
PLOT-017480,1.2381472831057574
PLOT-018524,1.3665646312161785
PLOT-017382,2.647215587943483
PLOT-017252,1.6662704915839686
PLOT-016980,1.5234562924560442
PLOT-018427,1.7699517273990297
PLOT-017941,3.6321184917757834
PLOT-016187,2.4182008023561594
PLOT-015351,2.7037845168228576
PLOT-016755,4.510584638980591
PLOT-016595,1.4459715916147733
PLOT-015042,3.1923355403973646
PLOT-018026,2.7642160849755797
PLOT-016273,4.956326343492858
PLOT-015574,1.8978541214017846
PLOT-016920,3.533232509890399
PLOT-018224,2.1899466461595885
PLOT-015856,3.171972874950576
PLOT-017141,4.19138249866291
PLOT-017047,1.072218658389625
PLOT-016808,0.8289095939114357
PLOT-018125,0.7265546457937925
PLOT-016898,4.906337550149547
PLOT-016846,2.9872022987445583
PLOT-015875,3.652333520899113
PLOT-015103,1.3903235788632564
PLOT-017506,2.6954396160879313
PLOT-015604,1.5751312880038224
PLOT-018597,1.5777901650145456
PLOT-016233,2.748858935630605
PLOT-017959,6.283858217906981
PLOT-016433,2.0447300859451176
PLOT-015384,2.4645001041864045
PLOT-015893,4.070215302680648
PLOT-015056,4.215311790190918
PLOT-015711,2.060737318946435
PLOT-018461,1.7709100659739598
PLOT-015355,3.186910757344875
PLOT-016842,2.754470565076589
PLOT-016018,1.7489238212648675
PLOT-018645,1.4730633717748547
PLOT-015307,5.491836353554789
PLOT-015813,1.0756829408834891
PLOT-015041,2.131957432940611
PLOT-018421,3.435720304229152
PLOT-016405,4.641138165182229
PLOT-016681,4.1918432903936855
PLOT-015882,2.984131356097281
PLOT-017220,0.7971021608057918
PLOT-015698,2.119145760545716
PLOT-017364,2.097651058081215
PLOT-018233,2.4008267790502567
PLOT-017051,4.455310775450186
PLOT-017378,2.8481332657407004
PLOT-015215,2.436654765430258
PLOT-017146,2.473055373252508
PLOT-016370,2.189495323695646
PLOT-016566,0.7467532022826124
PLOT-018702,2.97288396837707
PLOT-017360,0.9425406206370845
PLOT-016516,0.9975200740208798
PLOT-016766,2.7975848400362526
PLOT-017452,1.7678395090579497
PLOT-016037,2.039520682506286
PLOT-016510,3.0458623913028293
PLOT-015411,3.583761647512634
PLOT-017981,1.3105477412856836
PLOT-016301,1.3962183013646465
PLOT-016296,2.1398925292850826
PLOT-018498,2.26060921038813
PLOT-017601,2.9750899170470535
PLOT-018566,3.913705465573234
PLOT-015758,3.04298570210072
PLOT-017212,2.9063374053409206
PLOT-016317,2.115385505901958
PLOT-015073,5.3582967127719705
PLOT-015025,1.9381853186575204
PLOT-017208,3.453496071475761
PLOT-016126,4.242743475657508
PLOT-016139,1.0693853125650707
PLOT-015505,2.0631726308308957
PLOT-016560,2.156799655095971
PLOT-017230,2.8980678225191707
PLOT-016120,2.4087336539046373
PLOT-018414,1.1815980014823206
PLOT-015586,1.9175589016552674
PLOT-017909,3.38965649969427
PLOT-015611,1.3133556070634629
PLOT-016089,2.0295390236285034
PLOT-016535,3.0290388543652234
PLOT-016408,3.980369341508436
PLOT-015348,1.0299618927005825
PLOT-015885,2.721792588646384
PLOT-018644,3.0617181102853976
PLOT-018087,2.629885641071635
PLOT-015782,6.875362073399958
PLOT-018246,1.9267127614007165
PLOT-017458,3.9685267797913277
PLOT-015629,3.071977901910049
PLOT-015408,3.3491175317157644
PLOT-015164,2.5270852832971973
PLOT-017957,2.1907711643989147
PLOT-016969,2.075220167300201
PLOT-016649,3.8720869429306366
PLOT-017380,2.9344545920087164
PLOT-016087,2.49603881601517
PLOT-018572,1.8501908231524768
PLOT-018101,2.3460384082330026
PLOT-017389,3.4392206957674403
PLOT-018709,3.8907778992001796
PLOT-016754,0.8961003978519306
PLOT-015294,1.6802539874134308
PLOT-015965,4.932446291422111
PLOT-016822,3.2531632891063893
PLOT-018234,1.9784603160706684
PLOT-015528,4.908612251297472
PLOT-016968,2.4448724299545934
PLOT-015027,2.341274793232183
PLOT-017478,5.430423189784034
PLOT-016673,4.339578159078523
PLOT-015274,4.511268217005822
PLOT-016072,3.605890599803394
PLOT-016074,4.176033008449911
PLOT-017356,0.9319480160246405
PLOT-017494,3.498670220988856
PLOT-017405,3.4035562412629585
PLOT-017774,3.2876760902517006
PLOT-015585,2.27461484219471
PLOT-015837,2.9323559555047773
PLOT-015710,5.119021806084163
PLOT-017819,1.4900625729345431
PLOT-016250,2.522807327614815
PLOT-016437,2.3023304117889025
PLOT-016553,4.213798533697697
PLOT-015816,3.884477113176228
PLOT-018694,1.0705450848247462
PLOT-017427,7.25356191804129
PLOT-015957,1.8962976894335004
PLOT-015302,4.131732617849781
PLOT-018289,2.5053083212177545
PLOT-018636,2.9803264168540213
PLOT-016063,3.193716229615631
PLOT-015872,2.3070197992423473
PLOT-018271,3.1800353159297408
PLOT-017861,2.2252070867575036
PLOT-017936,3.55472551867496
PLOT-015923,2.196572999071157
PLOT-015059,3.4191080813688575
PLOT-018014,3.894138758867137
PLOT-018420,2.9149875197499475
PLOT-016975,2.866867397179638
PLOT-015023,1.7474837929324991
PLOT-017474,1.3004682104914371
PLOT-015683,3.081964891504954
PLOT-018512,4.215596558939333
PLOT-018483,1.533072465987635
PLOT-017056,0.7886965263093417
PLOT-015228,3.988870562435554
PLOT-015489,2.1474520612485715
PLOT-018201,0.9878303819237431
PLOT-015829,1.7861741468099415
PLOT-017784,1.772551485498983
PLOT-015385,6.427646396311432
PLOT-015015,2.233887310906843
PLOT-017399,3.396214379143643
PLOT-018541,3.7004397384458088
PLOT-016388,2.0927174987204933
PLOT-018041,1.2141536198292178
PLOT-016588,1.100190503027968
PLOT-018445,2.40486796258857
PLOT-016751,1.753904216784389
PLOT-016150,3.6420790996264034
PLOT-016304,4.009225728314048
PLOT-016231,6.785612583468008
PLOT-016792,2.8917693379067972
PLOT-016269,3.0469617392205857
PLOT-018474,1.4476600391545362
PLOT-015497,3.6970550580537194
PLOT-015352,2.6616793683533087
PLOT-016838,1.1629965669138194
PLOT-015001,2.80731925900715
PLOT-015285,1.676017998588607
PLOT-016646,3.0460065627881088
PLOT-015783,0.7840119034699476
PLOT-017462,1.222760761043533
PLOT-018321,4.231911173188544
PLOT-015068,3.2192285903692963
PLOT-015403,3.485783365041748
PLOT-015797,1.695563041417942
PLOT-018725,2.712169158791436
PLOT-018021,2.560156940929098
PLOT-017023,3.8860712192451037
PLOT-015177,1.6283602467677694
PLOT-015953,1.5281992399527675
PLOT-017139,3.029575178823645
PLOT-016200,2.9603562203722205
PLOT-017843,2.200188995224348
PLOT-017300,1.2738915266696296
PLOT-016756,1.7539077157301628
PLOT-016577,3.5537958453295593
PLOT-017241,3.0634189297445897
PLOT-017852,3.25298284700543
PLOT-016507,2.113537732679261
PLOT-016497,3.2867368446880727
PLOT-017688,5.470778806667762
PLOT-015538,1.0032692831109127
PLOT-016330,1.3633453876652235
PLOT-018207,3.0075237769789087
PLOT-018459,5.2583263334881645
PLOT-016488,4.044432586756867
PLOT-017018,2.801011267214131
PLOT-016744,2.7308546974567824
PLOT-017920,1.1933514263776208
PLOT-017408,2.832651272276505
PLOT-018431,1.3482571963629746
PLOT-018563,4.0174408141089994
PLOT-018596,6.379913423814849
PLOT-015948,2.088363272510085
PLOT-015510,2.496388526547802
PLOT-016393,1.147830593506689
PLOT-016508,6.5945054134835805
PLOT-017398,3.679934074209812
PLOT-017808,2.8448260989839946
PLOT-016331,1.2913203682943215
PLOT-016309,4.873522795921076
PLOT-018002,1.3193558635229894
PLOT-017396,1.6494432174038374
PLOT-017420,1.8874151153750096
PLOT-017544,4.580130420690013
PLOT-017354,0.9790609868571913
PLOT-017608,2.756851840049662
PLOT-015663,4.3440559049906255
PLOT-015573,2.1346750641455454
PLOT-017896,2.336353714773424
PLOT-017372,3.0198404984085334
PLOT-018265,2.6206245024714114
PLOT-018151,3.108757079450353
PLOT-017485,5.708556214960841
PLOT-017187,2.315978563666376
PLOT-017584,4.55352427179997
PLOT-017045,3.462905162050967
PLOT-015282,3.91883701895243
PLOT-015258,3.0429406742175433
PLOT-016811,2.183685263382593
PLOT-016797,2.061757322914064
PLOT-017604,3.6536441072324917
PLOT-015725,3.986050083973705
PLOT-016636,2.1299575181932635
PLOT-015677,1.8699482508795058
PLOT-017489,2.170723127287303
PLOT-016152,4.016463253751931
PLOT-016346,4.1300717663303805
PLOT-015055,3.192395717170623
PLOT-017773,2.364853996843276
PLOT-016411,2.5962162294018056
PLOT-017755,1.7600623258839827
PLOT-017214,2.8902685599776823
PLOT-018583,2.3640009299185407
PLOT-016361,2.916252599445743
PLOT-015888,2.39721023246965
PLOT-018001,4.19167047976852
PLOT-016819,3.382176678976976
PLOT-016972,0.8240202941315031
PLOT-015714,2.9806337324573065
PLOT-018405,1.7608895549919237
PLOT-016056,4.173998283880453
PLOT-017286,2.661696761011371
PLOT-017207,0.7880962665462281
PLOT-015617,0.6743758257881671
PLOT-015123,3.7911213109276374
PLOT-018205,3.212000262640423
PLOT-015334,2.9031638267329574
PLOT-017816,4.478211157239782
PLOT-015304,4.903196578749853
PLOT-015980,2.6211750904633697
PLOT-018329,1.9894537250052382
PLOT-015581,3.741571177471816
PLOT-016616,3.8447614727010246
PLOT-016194,1.3445123203456237
PLOT-016824,1.0004157916017782
PLOT-016879,2.661231706942802
PLOT-016981,3.628288573164593
PLOT-016861,1.8495026168623139
PLOT-016350,1.0145587383463182
PLOT-015409,3.015220006118222
PLOT-015675,1.344688620232909
PLOT-015297,2.309778441062617
PLOT-015925,0.16637512866903023
PLOT-015022,2.358811507622677
PLOT-018000,6.161466941467366
PLOT-017479,3.206561173099082
PLOT-015728,5.288206695560283
PLOT-016307,2.729581609321973
PLOT-015671,1.8196156611481824
PLOT-016672,2.9636872233337463
PLOT-016199,1.8637254811559711
PLOT-018717,4.672563490593215
PLOT-018652,2.5047225366252626
PLOT-015293,4.018313628272774
PLOT-018730,0.9380025905513216
PLOT-015126,3.059779336160072
PLOT-017247,3.890890872834721
PLOT-017578,0.852133361772433
PLOT-017467,3.0287219696593652
PLOT-015692,2.9639200801598484
PLOT-015686,2.6728418124246156
PLOT-015817,3.454048183031962
PLOT-015216,3.5080037491250056
PLOT-015152,5.122385676462378
PLOT-017999,3.6394220242406576
PLOT-016992,3.0825783749600943
PLOT-017605,3.9423405729265224
PLOT-017008,2.1948178531082516
PLOT-015478,3.011197722360044
PLOT-016282,2.306521022749678
PLOT-016604,4.637210645306467
PLOT-017518,1.7281075463137048
PLOT-016666,2.037189436334245
PLOT-017962,4.180889781561305
PLOT-015812,2.6762192601850194
PLOT-015250,2.393954347532863
PLOT-015843,3.0119711121772483
PLOT-017125,2.0710377535552906
PLOT-017857,2.156738965053519
PLOT-018640,3.0720061779373036
PLOT-015967,1.5651984992270815
PLOT-017885,2.914619117807133
PLOT-015972,2.665921363334656
PLOT-016896,1.6660524726358612
PLOT-017235,0.7000813727916644
PLOT-015246,2.6805991273717087
PLOT-017203,1.8935145589657736
PLOT-018641,2.064447782233504
PLOT-018307,2.07259123154753
PLOT-018379,2.8227056251478317
PLOT-017331,4.207376725608048
PLOT-018744,0.5448262651008179
PLOT-017585,4.163616201716265
PLOT-018272,2.0407673795188104
PLOT-016505,1.7715933777700834
PLOT-016345,4.327497638250139
PLOT-018091,0.8066667643617915
PLOT-015975,2.7171595204695222
PLOT-017686,1.8542177177466446
PLOT-016645,2.7609493907225944
PLOT-016679,1.3317567255845295
PLOT-017697,2.367394775833779
PLOT-015122,1.0988363134594272
PLOT-016534,4.152586665245912
PLOT-018044,0.43178566187592626
PLOT-018169,2.718765981010736
PLOT-017967,4.342504808501279
PLOT-017100,3.9402846833684477
PLOT-015869,4.621025142747556
PLOT-018646,1.9479833443578634
PLOT-016030,4.949257612892039
PLOT-015756,4.309856409578723
PLOT-016998,3.206021132943772
PLOT-016156,1.614081421416421
PLOT-017115,3.029891980727427
PLOT-017817,2.871902625903411
PLOT-015332,3.1192558246850184
PLOT-016592,2.4343294195396346
PLOT-017384,2.955948580150835
PLOT-016575,2.837468811608736
PLOT-017683,2.5788673585055797
PLOT-015472,1.9229832764951018
PLOT-015901,2.385234862433814
PLOT-015865,2.653300160314194
PLOT-016329,4.7066485608872615
PLOT-016342,3.489892830717441
PLOT-015741,2.2388162919004904
PLOT-018478,2.3208657181967323
PLOT-018291,3.51168929692562
PLOT-017180,2.755013006159819
PLOT-018484,4.515538763156108
PLOT-017562,1.5465636492491814
PLOT-016628,4.023656170959187
PLOT-017806,3.242453691548536
PLOT-017438,5.091118855206406
PLOT-016149,2.625196241321978
PLOT-018045,2.056901561034529
PLOT-018164,3.180705453298941
PLOT-015256,4.493839556014972
PLOT-015633,3.4454773824467604
PLOT-017337,1.7202153160099831
PLOT-018009,1.9073168277381147
PLOT-015777,4.084435288694542
PLOT-017953,0.8906369894784323
PLOT-017101,1.7304606519574008
PLOT-015557,1.012503034376358
PLOT-018481,3.6283604146831245
PLOT-016985,2.3464589436840764
PLOT-017088,3.6741300326364903
PLOT-015261,2.4555848889943688
PLOT-017131,2.3560051358304173
PLOT-018011,4.107145818729447
PLOT-018040,3.09631248929709
PLOT-016889,2.984207283918095
PLOT-017532,4.723570657567491
PLOT-017078,1.7517253445264003
PLOT-018034,4.812428045350093
PLOT-018436,1.1050276534326107
PLOT-015208,2.6130152779711993
PLOT-018349,1.4196254521688914
PLOT-016913,3.337557460642547
PLOT-016606,2.9515470052893975
PLOT-016020,1.1012646674386493
PLOT-018348,3.0751920851399634
PLOT-016403,3.489209436887119
PLOT-017555,5.539805496229813
PLOT-017096,1.3283444106490407
PLOT-015209,1.235226470825901
PLOT-015153,2.025452268214172
PLOT-017881,3.009197531793637
PLOT-016590,2.7087705008469674
PLOT-017442,3.4408479112049837
PLOT-016147,3.108351693898468
PLOT-016967,2.4342681739324097
PLOT-017316,1.215292348572362
PLOT-017433,1.8778655671874263
PLOT-016633,2.144302633391782
PLOT-017089,3.94282381545342
PLOT-015597,3.5924165349092765
PLOT-016931,4.9527688978808895
PLOT-016656,3.303170173873252
PLOT-015680,2.421975623079825
PLOT-016565,2.5663885117043868
PLOT-018275,2.8400721854705715
PLOT-016328,3.0583690346250294
PLOT-017087,2.5216327838298427
PLOT-017753,2.671267080657917
PLOT-016518,2.2464841256415298
PLOT-017287,2.1384203237236306
PLOT-018713,3.904246580058649
PLOT-015221,4.2733156873195925
PLOT-015225,1.7528595734890153
PLOT-018577,3.7285513643278576
PLOT-018166,4.763712845482176
PLOT-017517,3.7066764635240337
PLOT-017642,1.9164283136399483
PLOT-017393,3.4475200880407963
PLOT-016760,2.897651732760975
PLOT-016360,2.22717798405881
PLOT-017324,2.5513930155883773
PLOT-018155,5.528130747753859
PLOT-017802,2.8745319183411087
PLOT-016492,4.864114427456751
PLOT-017744,1.205460505466814
PLOT-017763,0.7896453505298869
PLOT-017009,3.983548466712216
PLOT-015205,3.1831954607508997
PLOT-016027,1.8663877214497269
PLOT-018540,3.5121030159114355
PLOT-017596,1.226987440262091
PLOT-016046,3.0191947539703627
PLOT-015693,4.0532299665519025
PLOT-017956,3.6480816683055086
PLOT-018549,2.024921869591684
PLOT-016186,3.388025793826587
PLOT-016369,3.0093430586977203
PLOT-016907,3.4136988351327004
PLOT-017726,0.9925758111511078
PLOT-015016,1.636368329863926
PLOT-017514,1.6188595512225814
PLOT-017205,2.7189426372404553
PLOT-018729,2.068627765675001
PLOT-016676,1.0939918981925922
PLOT-016184,4.892725391952739
PLOT-017353,2.1401086022132088
PLOT-015656,2.749608695314597
PLOT-016571,2.7755802294229985
PLOT-016737,4.051156173825332
PLOT-016419,1.982598418189263
PLOT-015399,2.5693875548410023
PLOT-015618,3.228888338136357
PLOT-015508,0.7037481063521557
PLOT-018106,4.673811543638608
PLOT-018437,3.070935907982197
PLOT-017960,3.4268102537679788
PLOT-015867,5.049769536378054
PLOT-017507,2.455903707134218
PLOT-015886,2.840650032380348
PLOT-017110,2.9701256950570074
PLOT-015599,4.366495470499112
PLOT-017658,4.32936933884533
PLOT-015457,1.5330697892401162
PLOT-017618,1.0349409363176698
PLOT-016117,2.8873282921227523
PLOT-015870,3.8622022429588667
PLOT-015790,2.687923295995248
PLOT-017260,2.3953588089181217
PLOT-015954,0.7741328045835202
PLOT-015650,4.753016515980609
PLOT-015733,2.4538061824940716
PLOT-018533,3.532938379558328
PLOT-015379,1.8027318293178802
PLOT-017612,1.17649141372173
PLOT-018030,2.690773840611318
PLOT-015956,2.6009944446287787
PLOT-015171,2.252443612060053
PLOT-016944,2.5949100389308755
PLOT-017279,2.982162202546764
PLOT-015659,3.0064027168210217
PLOT-017430,3.2486455231126317
PLOT-017528,0.7067084043657954
PLOT-017120,2.2193800612618495
PLOT-016094,1.5832820848191895
PLOT-018068,3.098086358456787
PLOT-018707,2.142701066426021
PLOT-017219,3.003662729337373
PLOT-015642,2.2765102620689355
PLOT-015168,2.470203464764864
PLOT-016517,3.3707459306030265
PLOT-016800,4.138698592015035
PLOT-017682,2.655857899079766
PLOT-016917,2.7836029825258852
PLOT-015272,5.297018091929506
PLOT-016215,3.4212388899822774
PLOT-017468,2.743229078020931
PLOT-016118,2.5118626804900903
PLOT-018098,6.574024289600475
PLOT-018350,2.1303737225566994
PLOT-016066,3.01077879776865
PLOT-017104,2.6773784649899417
PLOT-017792,4.512481977898573
PLOT-017877,1.897000904088141
PLOT-016912,2.797898143091976
PLOT-015038,3.838197941820169
PLOT-015306,4.5326337140733
PLOT-015006,1.8235902671790725
PLOT-017456,3.659248969866708
PLOT-015781,3.3139664274773413
PLOT-016190,1.619302486848016
PLOT-015534,2.0438262300236767
PLOT-015583,4.137123667309526
PLOT-017980,2.291777411519583
PLOT-018671,2.796973804194675
PLOT-018168,4.73449320643848
PLOT-018440,5.595355464036267
PLOT-017750,3.9782759001778225
PLOT-015316,4.111787247870298
PLOT-017197,3.5927979224607314
PLOT-017414,1.1785268988457342
PLOT-017564,3.8573456884339783
PLOT-016794,1.6029768912736255
PLOT-017581,2.8243029078392605
PLOT-017708,4.067296270106445
PLOT-015271,2.4528526438869096
PLOT-015548,2.221270261984013
PLOT-016692,4.725422067546406
PLOT-016719,2.9112483161946368
PLOT-018451,2.0283497426164403
PLOT-018464,1.9437536046238844
PLOT-017390,5.408559779014518
PLOT-015598,1.9501890679533262
PLOT-016689,2.706244285230313
PLOT-015894,2.8814836166092834
PLOT-018733,1.7071823124239174
PLOT-016775,5.2515559093030815
PLOT-015570,1.3056836776388017
PLOT-016999,0.995527413138874
PLOT-017122,0.9724629016845077
PLOT-015061,2.1339392625120785
PLOT-016247,2.1857361582664914
PLOT-018748,6.896219344653779
PLOT-016259,2.552042102335884
PLOT-015809,1.901614567178804
PLOT-017292,3.734171860504017
PLOT-016049,0.9748691461360837
PLOT-018454,3.0792172258811576
PLOT-015107,3.1702310090476544
PLOT-017153,3.4833847970586294
PLOT-015673,2.1085565037376472
PLOT-017690,1.5056075827487712
PLOT-017995,3.7779526789629108
PLOT-015665,4.234361918181592
PLOT-015509,3.3654015219239573
PLOT-017179,2.976177097031702
PLOT-016640,0.41940475019493106
PLOT-017492,2.3287290564731267
PLOT-018303,2.622354945633662
PLOT-016532,3.054564133511022
PLOT-015866,3.2167258002898946
PLOT-016855,5.434617236075533
PLOT-016736,1.0721874569489729
PLOT-016060,3.5372556039536374
PLOT-018536,4.658243025399484
PLOT-017105,3.1531923458876503
PLOT-018419,0.965372123650232
PLOT-016973,1.059813901107344
PLOT-015589,1.8632055254983901
PLOT-017996,5.831322804120702
PLOT-018263,2.908539894248906
PLOT-015086,4.8524349706509184
PLOT-018615,0.7214167589539239
PLOT-015771,3.348725157202218
PLOT-017954,4.205674667323082
PLOT-016249,3.1466004241929384
PLOT-015708,5.009108858823732
PLOT-017472,4.043091771910847
PLOT-017985,2.286467979205909
PLOT-018316,1.410510179738071
PLOT-017586,1.799884393577654
PLOT-016860,1.3678812322170346
PLOT-018181,3.2960833742500246
PLOT-017128,2.2203411177758525
PLOT-018305,1.8784543208165
PLOT-018177,2.2972781447346033
PLOT-015418,2.1186085099661334
PLOT-016461,1.8265872695355623
PLOT-016484,2.1204755612422077
PLOT-018609,5.545070430296032
PLOT-018465,2.8044837654807475
PLOT-018600,3.281221826791295
PLOT-015851,4.424220015865518
PLOT-016004,3.7756647323830723
PLOT-016996,2.06623410987996
PLOT-016834,3.148544266216279
PLOT-017947,2.3858719748764163
PLOT-015436,2.153642235401097
PLOT-016316,4.63894156765438
PLOT-016623,3.5026887937901043
PLOT-016480,4.144923230646082
PLOT-016648,2.352726665752031
PLOT-016003,3.11575034126563
PLOT-016278,2.1839385673695744
PLOT-016823,2.462205878874563
PLOT-018029,3.657414808922369
PLOT-018602,0.9740735532103344
PLOT-016836,1.6909999344872282
PLOT-018554,4.165215523406383
PLOT-017352,2.5232678965580297
PLOT-017282,1.5994393672060203
PLOT-016546,2.3219105416237933
PLOT-015335,3.366817349060976
PLOT-017617,4.214655128260644
PLOT-015088,2.1118135091839507
PLOT-015874,2.2749713573048926
PLOT-018285,6.356287450216819
PLOT-015543,2.746013334890171
PLOT-016241,2.392721930605402
PLOT-017760,4.15103409793038
PLOT-016880,4.215054872940851
PLOT-018611,4.425926841858001
PLOT-018111,2.949368565787401
PLOT-017269,2.1335212593949304
PLOT-015319,3.056580109736013
PLOT-015519,0.918600406114936
PLOT-017903,1.2920759237891497
PLOT-015878,1.803879188989671
PLOT-018561,2.663004086206054
PLOT-015825,2.9205157704466
PLOT-016290,1.1007473039288946
PLOT-018210,2.748019451888539
PLOT-018333,1.1394525634977757
PLOT-015138,2.9922971263598055
PLOT-015163,5.113822750815352
PLOT-016618,2.104108130131733
PLOT-018539,6.598488442534909
PLOT-016791,2.2258092004699925
PLOT-016045,1.572195175991224
PLOT-015960,2.028552240283716
PLOT-016750,3.6177231258237765
PLOT-018212,1.732113510937956
PLOT-017830,2.278367099306351
PLOT-016504,3.9324876971176796
PLOT-017889,2.012351597632727
PLOT-018692,1.9800684904609622
PLOT-016059,1.729999762419522
PLOT-017681,4.621754819291769
PLOT-018409,0.9781090861700859
PLOT-015655,2.008287372251389
PLOT-017064,0.6100120403514853
PLOT-018603,4.488472225372303
PLOT-015137,0.8168625813688309
PLOT-017946,1.3447111142368338
PLOT-016976,0.9129813582947799
PLOT-016581,1.7268304828312706
PLOT-015697,3.7691236004419673
PLOT-016097,2.5853903974143058
PLOT-017836,2.7881253249232594
PLOT-018268,0.9121284964844547
PLOT-017453,4.0814539376945
PLOT-017496,1.548567039913825
PLOT-016392,2.798651737926198
PLOT-018655,3.36699738708311
PLOT-016266,1.4714221251057928
PLOT-017375,1.9738925625595969
PLOT-017365,1.9688327888827786
PLOT-015135,1.5197305093835205
PLOT-016169,1.6573443076319465
PLOT-017574,2.4081318453037994
PLOT-017135,3.1927989962411347
PLOT-016503,1.6288255367042825
PLOT-016362,2.018624294603231
PLOT-017998,2.3059976754105294
PLOT-015148,4.944901760494565
PLOT-015303,2.958130571925214
PLOT-016017,0.7105488076960912
PLOT-016924,1.2265320433079432
PLOT-016052,5.187071793431681
PLOT-018423,2.1194553645957623
PLOT-017413,4.039059178259895
PLOT-017637,2.93961416368045
PLOT-018262,2.169901103564251
PLOT-016904,3.123434379539774
PLOT-018254,2.6278174394380343
PLOT-015198,3.363819733261446
PLOT-016768,3.2846236177198596
PLOT-017240,2.600616112965035
PLOT-015404,2.5119926535170687
PLOT-018328,2.2702447360735616
PLOT-018743,3.206378621452008
PLOT-015483,2.7544138512251126
PLOT-016182,1.9745238052450023
PLOT-016339,3.2474829398281035
PLOT-016280,3.4351672452570066
PLOT-016031,3.424039769008959
PLOT-015791,4.22855302987824
PLOT-015799,4.802458898013895
PLOT-017432,2.5344094393327996
PLOT-017798,2.8211094567932995
PLOT-016201,4.851951799423161
PLOT-015422,4.72624303231111
PLOT-017362,1.2471212014815474
PLOT-018716,5.709752786881133
PLOT-016883,3.7866349935879007
PLOT-018684,0.3029526567063561
PLOT-016479,4.223175626884225
PLOT-017591,2.1728450385839686
PLOT-016928,0.9511682410981375
PLOT-017710,2.143175408769306
PLOT-018147,3.1166303988593937
PLOT-016529,4.877337426747469
PLOT-015902,2.5311660007549412
PLOT-017809,3.266340244159021
PLOT-015685,5.03972793445387
PLOT-016551,4.6993598345210925
PLOT-018438,0.8641982809443853
PLOT-015159,1.3619687612733604
PLOT-015999,1.5034156178943228
PLOT-018056,2.685824222087098
PLOT-018535,2.7903307018192067
PLOT-017250,4.1400039839449665
PLOT-017689,1.393174041826638
PLOT-015112,0.7811654989986253
PLOT-018567,2.8155442202126033
PLOT-016446,2.0444456000564126
PLOT-016952,3.798802733983427
PLOT-015922,3.011744748542679
PLOT-016624,6.272796081116972
PLOT-018228,0.9124180767018935
PLOT-017853,3.0133094529711193
PLOT-016319,1.6322355335646095
PLOT-016663,3.2874072026343018
PLOT-015815,2.966607969603716
PLOT-018095,1.1833175573570167
PLOT-017266,2.277710453243889
PLOT-016473,2.8527366479854983
PLOT-016773,2.1876263460124252
PLOT-015679,1.8629241243550758
PLOT-018199,1.2116831222912061
PLOT-016093,3.4114545763881865
PLOT-015080,0.7756555051508421
PLOT-016950,1.109297617490705
PLOT-018519,1.4413542048818067
PLOT-018075,0.9728721478985993
PLOT-018280,4.288826916187324
PLOT-017800,1.5642403177746826
PLOT-016239,4.704265373448555
PLOT-015329,2.961787306573648
PLOT-015242,2.843756061659574
PLOT-018073,3.565839228967739
PLOT-015641,0.8114159298315482
PLOT-015696,4.405296312232817
PLOT-017257,0.7965941732522644
PLOT-017818,2.5610056782253205
PLOT-015753,2.3434530979841255
PLOT-015435,1.683693974687858
PLOT-016563,2.192583605716763
PLOT-016934,1.11289354804389
PLOT-018457,3.355681910569879
PLOT-016712,2.984501739466583
PLOT-015551,1.443462548439496
PLOT-018127,2.7181015802805937
PLOT-018255,5.798987075451534
PLOT-015601,2.2324359544343353
PLOT-016964,0.9521783874698371
PLOT-016013,1.4736782705520615
PLOT-018204,4.201258235402248
PLOT-016427,1.4782690121991575
PLOT-017012,2.415083282788344
PLOT-016386,4.883913011737657
PLOT-016295,4.8107506919026815
PLOT-015466,4.0171271332021234
PLOT-016499,4.306698715415476
PLOT-018218,0.7362505109809112
PLOT-018670,4.343088586740237
PLOT-015277,2.3656298843835506
PLOT-016069,1.8954124895380033
PLOT-016548,1.1567287777964332
PLOT-016024,1.8908492949161622
PLOT-016465,3.520930920140826
PLOT-017770,1.6846746736898162
PLOT-015940,1.832908577096943
PLOT-017834,4.2640211423439025
PLOT-018297,1.0755300756019042
PLOT-016466,2.6060968615674462
PLOT-016323,2.663654635991011
PLOT-017675,1.8578794083036558
PLOT-016399,5.713399844434487
PLOT-018099,3.5774673319163752
PLOT-016449,1.9574855643506401
PLOT-015906,3.608258585192032
PLOT-018352,1.7062784090180103
PLOT-017611,2.8852486456406785
PLOT-016895,3.4344658571494358
PLOT-015388,3.650009370039059
PLOT-017070,3.717077182039072
PLOT-017943,3.621375225225966
PLOT-017172,2.9126293831782295
PLOT-017968,4.042361636209934
PLOT-017821,3.432343878728504
PLOT-015880,2.37515851699868
PLOT-018425,1.333408226952372
PLOT-015050,3.95397613426537
PLOT-016887,1.0517664256474484
PLOT-016702,1.6254556726275369
PLOT-018359,3.6753801360914067
PLOT-015133,1.560826077862714
PLOT-016105,3.412231344893188
PLOT-015703,2.9981492927092135
PLOT-015482,4.567395535990051
PLOT-016145,3.718148178902377
PLOT-017038,4.363235592486675
PLOT-018673,1.281094982940014
PLOT-015066,2.5078234749137063
PLOT-018479,1.7749417250061015
PLOT-017781,3.2936002335127137
PLOT-017313,1.760589824722222
PLOT-017849,1.4205412728730347
PLOT-018351,4.900391596986711
PLOT-015907,3.7077920883629187
PLOT-015031,3.8314372035681497
PLOT-017465,2.2538938242022977
PLOT-017929,3.3433371288098335
PLOT-017680,6.264743375221896
PLOT-018551,3.72163177762198
PLOT-015010,1.8987312169214516
PLOT-015064,0.8525658905768847
PLOT-015776,4.355241188844637
PLOT-015077,3.765550441058081
PLOT-015491,2.7880462405314286
PLOT-018145,0.9286415373214072
PLOT-018273,4.3071206820301216
PLOT-017580,5.631444379455574
PLOT-017113,3.0341894120364006
PLOT-018453,0.6949101793299541
PLOT-017344,4.289451518690224
PLOT-015591,0.9169652937068136
PLOT-017815,1.1878386646617098
PLOT-016285,0.9956170066575292
PLOT-018269,4.165825454937549
PLOT-015724,3.148524351367429
PLOT-017674,3.4478920670214515
PLOT-018142,4.448260586416576
PLOT-018708,1.0960650379057182
PLOT-016212,2.1596923528089715
PLOT-018643,3.425520061583074
PLOT-017299,3.3221947277381454
PLOT-018223,2.0849047476174873
PLOT-016637,2.424907762596724
PLOT-018581,4.232074488721025
PLOT-018574,4.6248974533427765
PLOT-018665,3.629761052109791
PLOT-015982,2.0550988629113873
PLOT-015706,1.961783546106307
PLOT-017535,3.476228248377457
PLOT-016687,0.5341774349347536
PLOT-018388,4.4519876161025715
PLOT-015273,1.289998179017061
PLOT-016709,3.6345520116273717
PLOT-018249,3.70578994102449
PLOT-018429,5.887847737770453
PLOT-015963,2.1523461491546305
PLOT-017925,1.985746879834059
PLOT-018136,2.517396174121192
PLOT-018573,0.7367938382450312
PLOT-018706,1.3692365808002576
PLOT-017459,2.60757252934686
PLOT-018327,2.7798637193508147
PLOT-018192,2.912300732553154
PLOT-016452,2.9430579862157047
PLOT-017715,0.5729791156050339
PLOT-015149,2.6612366937944216
PLOT-017692,2.081088461590626
PLOT-017767,2.717894479110416
PLOT-016757,3.9038308171642124
PLOT-015218,2.918259022056508
PLOT-015239,1.9222769532075599
PLOT-016131,3.2648059322761145
PLOT-018390,3.463965654091981
PLOT-017840,3.4530946823704016
PLOT-017239,4.439533485524502
PLOT-017381,1.8688767161352549
PLOT-016253,2.8966059897497005
PLOT-016053,3.1013899933303306
PLOT-018010,2.642765546252325
PLOT-016668,2.8793772488782237
PLOT-018178,2.4252432216985427
PLOT-018712,2.0699212692096354
PLOT-016357,3.321513414054162
PLOT-015775,3.4522623604217437
PLOT-017630,2.125783933512597
PLOT-017832,2.848872251756147
PLOT-018274,2.4576448910972957
PLOT-015839,3.666415398806991
PLOT-015627,1.7440208780772652
PLOT-015323,1.3706817829748992
PLOT-018402,2.278593851342383
PLOT-018675,1.113855649177922
PLOT-016867,3.0695354021194396
PLOT-016160,2.953753937351163
PLOT-017826,1.643477403581179
PLOT-016076,1.8341626264003805
PLOT-017987,0.8903903806583469
PLOT-015437,3.559378994189388
PLOT-015119,4.073867336593797
PLOT-018306,2.878421986110494
PLOT-018089,2.407895501677691
PLOT-018314,3.299026673625316
PLOT-016814,3.6170907011680575
PLOT-016839,3.763898284289007
PLOT-016026,2.997433102733353
PLOT-015076,2.26681679545574
PLOT-015900,1.4557789378152088
PLOT-015371,3.6192990929302917
PLOT-016204,3.5939064646446157
PLOT-018186,3.044930154608282
PLOT-018736,4.983655763404208
PLOT-015941,3.5754699319251633
PLOT-017625,3.591276654099653
PLOT-017867,1.508859827761638
PLOT-015552,1.4171121519778356
PLOT-015406,3.817158671844974
PLOT-017117,2.6163358710744915
PLOT-016613,2.7384147217591104
PLOT-017934,0.8866295498030634
PLOT-015968,2.201957205313166
PLOT-017833,3.793131784636105
PLOT-018293,1.177634217769509
PLOT-018367,3.745040902278342
PLOT-017349,1.954399464040509
PLOT-016746,3.0922751540602307
PLOT-015689,2.5144117365017853
PLOT-017860,2.4536350979656962
PLOT-016738,2.402862742324865
PLOT-015236,4.5268247876234975
PLOT-018592,6.901283486818877
PLOT-016986,2.472293484813776
PLOT-016983,3.124453275029052
PLOT-017842,3.0274947833115724
PLOT-015499,1.3031771495668738
PLOT-015822,0.9089136742443373
PLOT-015794,2.8989687547010012
PLOT-018278,2.9059415392227788
PLOT-015990,1.8389662185633293
PLOT-015567,3.133911478076326
PLOT-017982,2.709395504118173
PLOT-017435,2.9480918055719365
PLOT-015390,2.9837387990344015
PLOT-015743,4.6350705230474505
PLOT-017400,2.366262028636728
PLOT-016217,4.716934410361922
PLOT-015235,3.3804239560784284
PLOT-018467,5.216458986702126
PLOT-015480,3.9710350049950986
PLOT-017042,1.2731707150075715
PLOT-017615,2.5514671245118787
PLOT-016677,1.2191943200879765
PLOT-018442,1.4076480093966746
PLOT-018626,2.7234035712611315
PLOT-018241,0.772453221358113
PLOT-018318,2.7112525792980677
PLOT-015120,1.2737472709507571
PLOT-018487,4.035159450985132
PLOT-018072,2.6470503526907287
PLOT-016272,3.1964989128107835
PLOT-015926,5.886757454257433
PLOT-017563,4.163814712382658
PLOT-016594,2.154255101117352
PLOT-015223,3.342727587926142
PLOT-015766,5.905603740170245
PLOT-015613,1.5843407804450136
PLOT-017891,3.8810873607920593
PLOT-016245,4.321904172042671
PLOT-016540,0.9366713880252895
PLOT-015052,0.7038256549025457
PLOT-015529,4.135344558937217
PLOT-017533,3.1057403229141682
PLOT-016899,2.129646128283652
PLOT-018677,2.6216126024839257
PLOT-015818,1.9756955739389186
PLOT-015155,3.2160782529537664
PLOT-017648,1.274113849614808
PLOT-018612,2.5843417523176684
PLOT-015248,4.354312054408115
PLOT-015761,1.4632886705539387
PLOT-016894,4.281433084624873
PLOT-017029,3.6181072338904827
PLOT-018589,3.0127172795815973
PLOT-016130,1.8933413823805374
PLOT-015542,2.7770240664220025
PLOT-015793,3.5902923085128586
PLOT-016725,2.3680740819304416
PLOT-018200,3.0248143850021205
PLOT-015628,1.941795986665738
PLOT-017198,5.460025389079732
PLOT-018401,5.509963430514168
PLOT-017339,3.375489009878006
PLOT-017429,2.8545017422932455
PLOT-018579,2.0372951830826533
PLOT-017734,5.5587975758663815
PLOT-016367,4.591318610249135
PLOT-016620,3.2741389230626563
PLOT-017945,2.411613211021381
PLOT-018500,2.908648502266007
PLOT-017902,4.800459120291448
PLOT-016071,4.6069923587228585
PLOT-015554,3.2751857740169825
PLOT-016828,3.988555060771598
PLOT-015826,4.267109287280774
PLOT-016984,3.1219576181530173
PLOT-018450,1.351597240729806
PLOT-016837,4.341442095899875
PLOT-017939,7.184814898666784
PLOT-015535,4.123580071021872
PLOT-018361,1.4750333567949896
PLOT-017663,4.771208200451056
PLOT-015154,3.5617830268170936
PLOT-018238,3.5197564888422344
PLOT-018149,2.6663943994801014
PLOT-017952,4.362729657712167
PLOT-018538,3.6449021462990037
PLOT-015322,4.8982108974857885
PLOT-016710,2.685165451284682
PLOT-015014,3.1227127848484755
PLOT-016798,2.004890624481227
PLOT-018542,3.2011252579585503
PLOT-015082,3.956061379902877
PLOT-017560,1.771118117602352
PLOT-016943,2.1064354445297506
PLOT-016988,1.467557021125507
PLOT-017672,4.829182402028651
PLOT-016383,3.5516707766068545
PLOT-016574,3.7628815352418807
PLOT-017977,3.074016626983952
PLOT-018392,2.3430253860923895
PLOT-017058,2.777462518881019
PLOT-018617,2.211655811725449
PLOT-016494,2.010952849870235
PLOT-015831,4.103940502422125
PLOT-017080,1.8365915631318335
PLOT-016174,4.719926442042305
PLOT-015413,3.108994739192811
PLOT-017628,5.814703508194763
PLOT-016817,3.5542026435733685
PLOT-015165,2.60480600417569
PLOT-018236,1.094144545837899
PLOT-018667,4.363333450928026
PLOT-015614,4.065608472445038
PLOT-018093,2.847904647569587
PLOT-016014,3.0308577825536243
PLOT-017137,2.7438317843187625
PLOT-018462,3.013429321643018
PLOT-018452,0.8472479212700457
PLOT-017649,2.0589251624482676
PLOT-016237,1.1977872284790134
PLOT-017181,1.8204921835271675
PLOT-015555,2.7893321353737037
PLOT-018079,1.302893780730044
PLOT-018320,4.526992409561927
PLOT-017368,2.5165423660980513
PLOT-018530,0.812401924772826
PLOT-016211,2.8227873173162954
PLOT-018499,0.5479458691422147
PLOT-015634,4.2598469680807405
PLOT-017600,2.487500227129685
PLOT-016055,3.1165806281604196
PLOT-017340,4.0063034492606455
PLOT-016708,2.5746041295007247
PLOT-015796,2.242483713869149
PLOT-017990,5.560977769970397
PLOT-018471,1.7679651554262565
PLOT-015174,1.1349274770899531
PLOT-017814,2.5252702777231057
PLOT-015245,3.353965412132202
PLOT-016080,3.0552304254291
PLOT-016654,4.310693023985477
PLOT-018711,3.339742735632701
PLOT-015144,3.5482614778404344
PLOT-015145,4.7524998631060935
PLOT-015090,0.7688049667090415
PLOT-015682,1.1379903141632628
PLOT-015310,1.5931648189095742
PLOT-015093,1.1416180419129303
PLOT-018322,2.0321570944323457
PLOT-016956,2.8253403604857232
PLOT-015924,5.666104150753668
PLOT-018448,4.444266150694454
PLOT-016909,1.4534228901444304
PLOT-016035,7.879567740148897
PLOT-016400,1.7454603241361357
PLOT-017291,4.064848019030191
PLOT-016500,2.7326473356687537
PLOT-018159,2.398193491219147
PLOT-017262,3.41114394899561
PLOT-016468,1.0073391761188524
PLOT-015998,2.1400570169089517
PLOT-015853,3.412580310042912
PLOT-017473,0.9108978247560926
PLOT-017204,7.068655472481917
PLOT-016142,1.6784297386807405
PLOT-016143,2.81733023648096
PLOT-017274,0.499037735425284
PLOT-017944,3.4658448227097605
PLOT-017048,3.318268002556375
PLOT-015401,2.8795802873118923
PLOT-016103,2.718355865150467
PLOT-015084,5.878959085588449
PLOT-017210,2.209017535934065
PLOT-018620,1.2322065041595576
PLOT-015114,2.1574632369725526
PLOT-017718,2.5377957562334292
PLOT-018222,1.7437033236936181
PLOT-018276,6.147679232745816
PLOT-016585,3.599556932197308
PLOT-016567,2.142889293050966
PLOT-017937,3.363451820174802
PLOT-016501,2.2817781706998597
PLOT-016660,4.053182721625938
PLOT-016556,3.2122111226399173
PLOT-017007,1.4710734912399688
PLOT-015625,3.595783820742741
PLOT-016885,1.2296758983555118
PLOT-018722,4.911077013984413
PLOT-016866,3.5007254343566667
PLOT-015952,4.024283656229714
PLOT-017855,3.8833987889665718
PLOT-017306,0.8076413547076609
PLOT-015624,1.8563380106873502
PLOT-017874,2.1670819512032145
PLOT-015234,4.621546214556337
PLOT-017183,2.027774207847091
PLOT-017664,4.417722729493133
PLOT-018267,2.4391165767495933
PLOT-017884,3.23995603084112
PLOT-017890,1.7588023380876328
PLOT-017034,1.2854446624384928
PLOT-018007,3.0428678922433665
PLOT-016826,4.921406563234113
PLOT-018571,1.8856820015358
PLOT-017640,2.8512323724919555
PLOT-016314,1.0116872870838538
PLOT-016525,3.6337425234131095
PLOT-016562,2.636848131185717
PLOT-016752,1.7990182412075924
PLOT-016605,5.940995756055107
PLOT-015343,2.6830060570074488
PLOT-018726,1.406773216228179
PLOT-017341,2.163653939824061
PLOT-017412,4.5766925008694725
PLOT-017226,1.7083120109023524
PLOT-017707,4.739185078535434
PLOT-015996,3.436860985441085
PLOT-017062,2.554812530458114
PLOT-016110,0.8269811815031987
PLOT-017213,2.040119430989824
PLOT-018203,0.8083556528809199
PLOT-016359,2.049528660147927
PLOT-017107,1.9551622264129844
PLOT-015709,5.209362849536612
PLOT-016878,1.1349627302526937
PLOT-017724,4.719150882820249
PLOT-016378,2.988046615815248
PLOT-017828,2.430668600305158
PLOT-015424,2.830290708854616
PLOT-015292,4.2052250695319415
PLOT-016065,4.234493629020148
PLOT-017921,6.280250226253522
PLOT-017377,2.5572106497571676
PLOT-016638,3.115375276073117
PLOT-017477,2.815709552072698
PLOT-016012,1.9393568926034344
PLOT-017127,2.862604102857715
PLOT-016717,2.9420863241635518
PLOT-018100,4.2734027301004796
PLOT-015937,2.0794571198190845
PLOT-015834,1.4218342166274534
PLOT-017797,1.736109939893518
PLOT-017938,2.421159317778112
PLOT-015254,2.6775628548116868
PLOT-018495,3.66347009122509
PLOT-016482,2.3503328436886712
PLOT-018721,2.454664195999071
PLOT-016407,1.913160408541522
PLOT-018156,3.030798626503743
PLOT-018649,2.2391816076488835
PLOT-017184,3.0991747790625634
PLOT-018183,3.0167614208268625
PLOT-018266,1.7103971745843136
PLOT-017900,2.0059982576479967
PLOT-018250,3.6455484029132297
PLOT-015723,5.472513441747727
PLOT-017907,2.1827549606905183
PLOT-015969,4.6536434752289315
PLOT-015496,1.8098964826967099
PLOT-015950,1.5636583455768311
PLOT-015805,2.2218704708227737
PLOT-016829,2.5035330855869393
PLOT-017177,0.6013946028018649
PLOT-016739,2.3830983836238144
PLOT-015337,1.6455252165882457
PLOT-015730,2.289317069394824
PLOT-015608,0.5264519293284327
PLOT-016148,3.6263229146501947
PLOT-017243,0.5637230852603483
PLOT-018298,0.8242672273979372
PLOT-016713,4.22094462224483
PLOT-018340,0.9191600437473286
PLOT-018738,2.686979576004662
PLOT-015909,2.5977106677200643
PLOT-017632,3.3022398788660237
PLOT-017151,2.386872762748217
PLOT-017010,2.0982221462069908
PLOT-017491,3.240045932185973
PLOT-018631,2.822940944023163
PLOT-016810,3.3430346497849337
PLOT-016994,1.1234773694206108
PLOT-015719,2.910326746197214
PLOT-017932,1.4394798275536487
PLOT-017824,1.0705490324327753
PLOT-016569,2.0467797991773784
PLOT-017897,2.3119282583145893
PLOT-017942,0.714853732491077
PLOT-017275,2.535158818297796
PLOT-015434,2.0643014076130193
PLOT-016299,2.3462640335410647
PLOT-017174,3.427171763743704
PLOT-015405,1.9765284438179536
PLOT-017823,3.4053036098716483
PLOT-015821,3.3804532712958264
PLOT-017759,1.3547527873567844
PLOT-016789,1.5286270440271363
PLOT-018674,4.093338353643929
PLOT-018108,2.6725618504825843
PLOT-018211,4.1713008323005845
PLOT-017351,1.9810174457427943
PLOT-017315,1.6181197598232695
PLOT-016858,5.161148670937731
PLOT-016557,2.0037752296216156
PLOT-015545,2.757513711576922
PLOT-015212,2.6136658123079664
PLOT-015896,3.378505517482077
PLOT-018270,2.149828532919701
PLOT-016941,2.5040195799870975
PLOT-016891,3.7551208492546437
PLOT-015916,3.2823762639527603
PLOT-017723,2.315121854669891
PLOT-016289,1.1434347357270542
PLOT-015814,5.060860913755306
PLOT-016265,1.8936162601018762
PLOT-015342,1.3392994379062861
PLOT-017597,2.5581608896925747
PLOT-016410,2.9317406375334665
PLOT-016214,3.2261239882448796
PLOT-015966,4.683242809710928
PLOT-016230,3.4414467911105837
PLOT-017343,2.1348168200245676
PLOT-015695,2.9500606820018134
PLOT-017121,2.5716543008183117
PLOT-015605,3.5912871333027536
PLOT-015104,2.5069020794751666
PLOT-015645,2.5277833246435155
PLOT-016404,2.6271372453245916
PLOT-015494,2.813111744830201
PLOT-018088,2.4091790150444177
PLOT-017487,2.8634717842727633
PLOT-016019,3.8804104919518254
PLOT-015091,4.609104225479063
PLOT-016112,2.901412176638401
PLOT-018741,3.950291644073738
PLOT-015908,2.4141676400602985
PLOT-016474,3.3473917454567883
PLOT-016741,3.4311463930281634
PLOT-017150,2.002731881289569
PLOT-015238,3.0204595753837977
PLOT-018466,2.3660734044336196
PLOT-015942,2.4259777098389095
PLOT-016270,2.7887463951641305
PLOT-015938,2.0272455913194993
PLOT-016424,3.8504292145015198
PLOT-018229,0.8648395356944572
PLOT-016862,2.0184086990336003
PLOT-016669,2.377189432640375
PLOT-015005,1.7398932340024031
PLOT-015247,3.1974638656462395
PLOT-018013,3.5626761599308696
PLOT-015018,2.7266575572346787
PLOT-017169,2.1127066560806105
PLOT-016970,2.6341820249529184
PLOT-017709,1.8983340161570235
PLOT-017232,3.576895305830322
PLOT-017322,1.0727215104332684
PLOT-017481,4.534815758460562
PLOT-015811,2.1407631137963143
PLOT-016300,1.8227947605256563
PLOT-016335,1.3672109650619042
PLOT-018632,3.733845252062402
PLOT-015260,2.8680915904163116
PLOT-016804,3.680646877210848
PLOT-016570,3.8438749442337214
PLOT-017229,3.93691682495225
PLOT-015184,1.0562231634362067
PLOT-017454,3.2524002184388494
PLOT-016743,2.6464153441323615
PLOT-017913,3.0052681246909216
PLOT-016630,3.249275655853463
PLOT-016716,1.1302382861184108
PLOT-015520,0.7824312475915959
PLOT-018051,3.46841015557177
PLOT-017428,3.115372184496572
PLOT-017016,5.030251657593634
PLOT-016658,3.2839896859121986
PLOT-018441,4.187742405448792
PLOT-016612,2.1425285241749936
PLOT-017475,1.3468317872080726
PLOT-017126,5.107359636862122
PLOT-018057,0.8780533452278929
PLOT-018734,2.9964327067277874
PLOT-015607,7.7396486948043135
PLOT-015230,3.910739383555455
PLOT-018140,1.6640191275491067
PLOT-015331,2.202589839525488
PLOT-018105,1.4420969184205603
PLOT-016440,2.355690451151792
PLOT-016927,1.9891265895769707
PLOT-016091,1.3846422438331574
PLOT-016101,4.029679497610234
PLOT-016129,3.250492892164884
PLOT-018283,2.1406431286330188
PLOT-015461,1.8186964095301859
PLOT-015958,1.3981416814886152
PLOT-016662,1.6175370033393224
PLOT-015559,2.643748370149449
PLOT-017894,4.211855109897485
PLOT-017738,0.6377572722884224
PLOT-018526,2.0014666080094123
PLOT-016519,1.3387019755716894
PLOT-017140,3.123514721475201
PLOT-018630,2.5386988933593817
PLOT-017032,4.303698911880279
PLOT-017484,2.968551858449169
PLOT-017538,0.8671955886249814
PLOT-017097,1.3869939658597246
PLOT-018435,3.3328182193375167
PLOT-018565,1.8277448857635996
PLOT-015069,3.6537488061451473
PLOT-016572,2.1713502087232537
PLOT-015808,1.4968167214984236
PLOT-018232,2.045278219215228
PLOT-015011,0.6542148487588724
PLOT-017025,3.622129684673225
PLOT-017192,2.2357739332641864
PLOT-015917,2.9747264770524238
PLOT-016451,3.438238993370629
PLOT-017687,3.520025655010991
PLOT-015176,2.3024242841343705
PLOT-015994,2.8353666297642914
PLOT-017488,3.1496744748531156
PLOT-017569,3.4633438981542093
PLOT-018740,3.8996815235485425
PLOT-018052,3.3805376188423377
PLOT-016255,2.893924479109165
PLOT-018282,4.1753102819563015
PLOT-016664,2.3220233515371724
PLOT-017191,3.9020457559444184
PLOT-017801,1.0196331199961848
PLOT-017567,2.1814898694625686
PLOT-018370,1.3139355685823055
PLOT-017870,2.016406320372448
PLOT-016790,3.0766531001599136
PLOT-017476,6.437844291407978
PLOT-017660,1.304642284494583
PLOT-018080,2.01611355130068
PLOT-015156,4.398913624674313
PLOT-017587,3.409686480821411
PLOT-016460,2.025938176744883
PLOT-017046,1.836739820311879
PLOT-018338,1.198145042450495
PLOT-016850,1.786543404085213
PLOT-017509,0.36475658276262757
PLOT-017624,4.04450830946985
PLOT-018410,3.435494172332591
PLOT-017303,3.2288761722236727
PLOT-018027,1.9589149871496607
PLOT-017005,5.327620492035998
PLOT-016185,2.0970990343014675
PLOT-016006,0.6313189879591332
PLOT-015560,5.336418105106944
PLOT-017256,2.710188566154001
PLOT-015910,4.980091986539053
PLOT-016311,5.714277662151274
PLOT-017049,3.557303956344837
PLOT-018413,2.625961305125894
PLOT-015269,2.3426071366773704
PLOT-016993,4.139453649764756
PLOT-015265,2.754040979971801
PLOT-015914,2.8754936637347956
PLOT-017278,3.5021708493730026
PLOT-017231,1.5063347799563485
PLOT-018167,2.948724788201273
PLOT-018732,2.983893665692771
PLOT-017912,2.3438545832457507
PLOT-018114,3.512913732164391
PLOT-015873,3.7068613800823367
PLOT-017093,1.7576591537286037
PLOT-017446,2.2478924332449033
PLOT-015475,2.4963709771801046
PLOT-016652,3.406569295066609
PLOT-016960,5.338707470737457
PLOT-015045,3.1178864779211595
PLOT-015161,4.487955672924522
PLOT-018039,3.064036216898366
PLOT-017775,2.078124411461802
PLOT-017677,1.949971313890647
PLOT-015288,2.152362720001292
PLOT-018107,2.910187145036394
PLOT-018718,0.8718311197213682
PLOT-016948,2.1566734478164373
PLOT-015575,4.362721519078975
PLOT-015850,2.5000639633518045
PLOT-018387,3.730922486263179
PLOT-015911,2.067522428589805
PLOT-016254,6.004811541346299
PLOT-016833,1.3803657418205526
PLOT-016722,2.425335780630197
PLOT-017133,1.355841363245382
PLOT-016735,3.706895302161516
PLOT-015932,3.2204966502295815
PLOT-016100,4.595111215341959
PLOT-016207,2.363467471348059
PLOT-017295,1.4112546142363316
PLOT-016843,0.7785164985186348
PLOT-016848,2.5600167197430355
PLOT-017524,3.58158166152179
PLOT-016694,3.2785435933529303
PLOT-015085,2.6341502804717294
PLOT-015469,5.229196678930421
PLOT-017273,0.6719362753197291
PLOT-017822,3.924207371753439
PLOT-017379,2.995144532648913
PLOT-015233,2.969894197610487
PLOT-017636,1.051452134315295
PLOT-017523,2.256036146116187
PLOT-018332,3.3819634934757956
PLOT-018699,1.9960314531625938
PLOT-017647,3.735671486870426
PLOT-017469,2.6055392707517964
PLOT-016711,2.5494876767965318
PLOT-015182,0.6282693181369865
PLOT-015988,3.507575014982327
PLOT-016000,2.185219976507224
PLOT-016641,1.6641863158729813
PLOT-016356,2.7766945286730778
PLOT-016462,1.4523104150771653
PLOT-015049,1.9758100816112036
PLOT-018637,0.9561941801326741
PLOT-018077,1.5874261987184146
PLOT-017577,3.532213635378001
PLOT-016258,1.3173865977323964
PLOT-015486,3.6338447019840774
PLOT-018715,0.9490659579130152
PLOT-017545,2.8256858026258236
PLOT-016908,3.589881748002991
PLOT-015106,2.3412417730386403
PLOT-015443,5.509076614899512
PLOT-016954,3.7389253297341645
PLOT-018560,2.6033260907133258
PLOT-015646,2.439358505410858
PLOT-018084,3.5435673753186756
PLOT-016762,0.8734617032199297
PLOT-015726,3.545893049252341
PLOT-017238,1.6293386222349813
PLOT-016856,2.383234480511247
PLOT-017330,5.221971863385776
PLOT-015029,1.389303196669816
PLOT-015169,3.3294512061391583
PLOT-016001,2.2253722318495353
PLOT-018252,1.7403669808018194
PLOT-017148,2.360022152725473
PLOT-015197,1.8913010421425187
PLOT-015495,3.1196720894689625
PLOT-017026,2.6384732888873708
PLOT-015647,2.046453318778422
PLOT-018035,1.2024833050745385
PLOT-015044,5.123349092028679
PLOT-017758,2.600180548563606
PLOT-015373,2.594895970774829
PLOT-015678,3.3771012907626914
PLOT-015566,4.861743081747341
PLOT-017895,2.0976329378502436
PLOT-015460,3.3855262246955675
PLOT-016932,2.6578111968813256
PLOT-018485,1.4226268347748783
PLOT-016155,3.7984895979291218
PLOT-015039,2.175426884718949
PLOT-017482,1.3053246401016545
PLOT-015973,2.8262355493550864
PLOT-018287,0.9622427476255397
PLOT-018055,3.774388574759071
PLOT-018627,1.1891686480452839
PLOT-018638,2.3730604790271523
PLOT-016786,1.2121877067409355
PLOT-016498,2.2259413527510694
PLOT-017504,4.941624271314336
PLOT-016835,3.404012909298897
PLOT-017308,1.842991793167637
PLOT-016840,1.9728969626079964
PLOT-017083,3.335727944463891
PLOT-015827,4.761727907051629
PLOT-016935,2.3909165615049335
PLOT-017044,5.2988013156265295
PLOT-015309,1.8386423915211862
PLOT-015276,2.8602516903522894
PLOT-015636,4.462911716884506
PLOT-015654,3.0420727818207633
PLOT-015622,2.794945585104721
PLOT-016859,3.505594219857475
PLOT-015844,3.3814318670023504
PLOT-015393,3.508009122347144
PLOT-017155,6.3586156560764655
PLOT-015349,2.4171282347146876
PLOT-017572,0.4878950290351243
PLOT-015784,1.7820759823418617
PLOT-015047,3.2789570875219067
PLOT-016978,3.3018275383167666
PLOT-017251,3.580922897620366
PLOT-018651,3.490626019936129
PLOT-016655,3.1896801638260146
PLOT-017069,3.6962792257205996
PLOT-015402,2.855904549465207
PLOT-016107,2.630017671405616
PLOT-016154,4.09047192541628
PLOT-016439,3.490342551629979
PLOT-018749,1.7239427435616372
PLOT-017001,4.050671900284948
PLOT-015989,1.9060712243532199
PLOT-016865,2.5879340934453205
PLOT-017789,3.567398899437833
PLOT-016310,1.9322326733080404
PLOT-018195,2.2427473919479146
PLOT-015033,1.320185348896892
PLOT-015787,3.262544350446094
PLOT-018588,4.958532450558543
PLOT-017971,1.7317892963462596
PLOT-016043,3.213782350474085
PLOT-015481,2.25059539981068
PLOT-016243,3.7631883247103493
PLOT-017627,1.4734039228038813
PLOT-017529,0.43807945758987404
PLOT-015931,1.9716132229795578
PLOT-017404,2.4788027220192177
PLOT-016685,1.2309636718064136
PLOT-016248,1.2297396719557492
PLOT-015759,2.737141426185812
PLOT-015092,3.3322918823589727
PLOT-016175,1.9359131729773953
PLOT-016415,2.7196049051647067
PLOT-016341,2.5514717401416265
PLOT-016472,2.5425577482558968
PLOT-017851,0.8456805365019051
PLOT-017793,2.1788560864570243
PLOT-018594,2.5081957417648653
PLOT-017327,2.573395791969275
PLOT-016607,4.034424287521232
PLOT-015764,1.4650337168331988
PLOT-017652,4.240356121453015
PLOT-018747,3.4408935129799585
PLOT-016373,2.414086563457663
PLOT-016951,2.598154863970449
PLOT-018446,2.7232437465322623
PLOT-017448,1.6021365952919309
PLOT-016728,0.69211161774794
PLOT-015257,2.519909577299796
PLOT-015944,1.1942407727263986
PLOT-018144,1.911851278423972
PLOT-016219,2.4487453098114247
PLOT-018555,5.287909302811929
PLOT-016161,1.3279720635173176
PLOT-017542,5.073143404838469
PLOT-015772,1.2212542100624784
PLOT-017598,4.583944135151291
PLOT-016486,2.5362288589095052
PLOT-017249,3.1692707135257936
PLOT-015312,0.9630066643281268
PLOT-015290,2.0208212814917044
PLOT-018261,1.8711238558324
PLOT-015763,1.407811287925763
PLOT-018184,1.114004195427623
PLOT-017997,4.938066631476634
PLOT-015183,1.8270994059051482
PLOT-016176,1.1833920190283518
PLOT-016349,3.773306213559919
PLOT-018116,1.7715223903023953
PLOT-018516,1.723832797417145
PLOT-018078,5.405533569500206
PLOT-017298,4.129526041858856
PLOT-017871,1.5253447214317861
PLOT-016099,2.7838970993195233
PLOT-018584,3.8256006190589256
PLOT-017988,0.9782920998847602
PLOT-015391,0.7061203344769038
PLOT-016919,3.6768836147102344
PLOT-016456,0.9055616303011098
PLOT-016092,2.812349749785471
PLOT-017022,2.2831651520133445
PLOT-018239,4.263666564146335
PLOT-015904,2.057648232392532
PLOT-017778,3.0709124623014143
PLOT-017602,3.562693856065302
PLOT-015366,4.5881113438313665
PLOT-015345,3.2329740670582416
PLOT-018656,2.2719542872910816
PLOT-017583,2.541964613692911
PLOT-018470,2.5648810583218533
PLOT-018257,2.2927636951363755
PLOT-016372,2.720871325428926
PLOT-016639,5.720445480319282
PLOT-015919,3.4650345540352157
PLOT-015211,2.8279078029284825
PLOT-016603,2.699425489255401
PLOT-017550,4.254135185151722
PLOT-015537,2.8810195293029532
PLOT-016220,3.28376014217137
PLOT-015175,1.0060480283063795
